Alonsótegui;7.45;no;21;4;0.15;0.03;Piso;2;1;70;40;1;92492.79016
Alonsótegui;7.48;no;21;4;0.15;0.03;Piso;4;0;132;40;1;147352.428
Alonsótegui;6.12;no;21;4;0.15;0.03;Piso;4;1;128;38;1;118930.1067
Alonsótegui;8.38;no;21;4;0.15;0.03;Piso;2;0;76;35;0;61542.75099
Alonsótegui;8.85;no;21;4;0.15;0.03;Piso;1;1;33;8;1;31898.08691
Alonsótegui;8.89;no;21;4;0.15;0.03;Piso;1;0;70;28;1;79663.67479
Alonsótegui;6.95;no;21;4;0.15;0.03;Piso;2;1;124;58;0;102082.0103
Alonsótegui;6.98;no;21;4;0.15;0.03;Piso;4;0;140;73;0;117521.7837
Alonsótegui;8.31;no;21;4;0.15;0.03;Piso;2;1;39;62;0;37130.68736
Alonsótegui;8.03;no;21;4;0.15;0.03;Piso;1;1;39;30;0;43426.78072
Alonsótegui;8.3;no;21;4;0.15;0.03;Piso;3;1;156;39;1;172405.4827
Alonsótegui;7.99;no;21;4;0.15;0.03;Piso;1;1;20;16;1;25858.37465
Alonsótegui;7.82;no;21;4;0.15;0.03;Piso;4;1;108;65;0;100987.3507
Alonsótegui;6.86;no;21;4;0.15;0.03;Piso;4;0;105;66;1;82179.22089
Alonsótegui;6.06;no;21;4;0.15;0.03;Piso;3;1;117;12;0;101609.4408
Alonsótegui;7.46;no;21;4;0.15;0.03;Piso;1;1;58;35;0;60032.5555
Alonsótegui;8.16;no;21;4;0.15;0.03;Piso;2;1;22;53;1;27019.88319
Alonsótegui;6.92;no;21;4;0.15;0.03;Piso;1;1;66;37;0;54166.54131
Alonsótegui;8.21;no;21;4;0.15;0.03;Piso;4;0;108;15;1;105453.4056
Alonsótegui;8.73;no;21;4;0.15;0.03;Piso;1;0;48;59;0;40502.43538
Alonsótegui;7.41;no;21;4;0.15;0.03;Piso;3;1;104;49;0;89012.1231
Alonsótegui;7.52;no;21;4;0.15;0.03;Piso;1;0;76;61;1;82799.18437
Alonsótegui;7.92;no;21;4;0.15;0.03;Piso;2;0;114;23;0;89596.28067
Alonsótegui;7.18;no;21;4;0.15;0.03;Piso;2;0;114;28;0;131113.733
Alonsótegui;7.6;no;21;4;0.15;0.03;Piso;1;0;92;48;1;75326.72092
Alonsótegui;7.63;no;21;4;0.15;0.03;Piso;2;0;33;28;1;34071.82832
Alonsótegui;7.32;no;21;4;0.15;0.03;Piso;1;1;32;67;0;40409.36606
Alonsótegui;7.19;no;21;4;0.15;0.03;Piso;3;1;124;22;0;104867.8182
Alonsótegui;8.81;no;21;4;0.15;0.03;Piso;2;1;22;79;1;24808.57512
Alonsótegui;6.75;no;21;4;0.15;0.03;Piso;2;0;116;69;0;133258.9391
Alonsótegui;7.43;no;21;4;0.15;0.03;Piso;2;0;84;2;0;71013.45307
Alonsótegui;8.48;no;21;4;0.15;0.03;Piso;2;1;37;15;0;42044.63434
Alonsótegui;6.59;no;21;4;0.15;0.03;Piso;1;0;66;33;1;68937.02107
Alonsótegui;8.39;no;21;4;0.15;0.03;Piso;2;1;40;2;0;36473.06682
Alonsótegui;7.57;no;21;4;0.15;0.03;Piso;1;1;50;62;0;61975.93162
Alonsótegui;6.35;no;21;4;0.15;0.03;Piso;2;0;160;51;1;154356.2617
Alonsótegui;6.35;no;21;4;0.15;0.03;Piso;4;0;120;46;0;106311.6184
Alonsótegui;6.51;no;21;4;0.15;0.03;Piso;2;1;75;22;1;64754.76987
Alonsótegui;6.41;no;21;4;0.15;0.03;Piso;2;0;84;16;1;84617.45468
Alonsótegui;6.42;no;21;4;0.15;0.03;Piso;1;0;88;68;1;70582.29802
Alonsótegui;7.33;no;21;4;0.15;0.03;Piso;4;0;148;20;1;161247.8082
Alonsótegui;7.66;no;21;4;0.15;0.03;Piso;1;1;23;14;1;26936.24415
Alonsótegui;7.32;no;21;4;0.15;0.03;Piso;2;0;124;40;0;120618.685
Alonsótegui;7.8;no;21;4;0.15;0.03;Piso;2;1;56;65;0;50595.80308
Alonsótegui;7.81;no;21;4;0.15;0.03;Piso;1;0;42;58;1;45564.87609
Alonsótegui;6.5;no;21;4;0.15;0.03;Piso;2;0;60;71;0;72780.14691
Alonsótegui;6.2;no;21;4;0.15;0.03;Piso;2;1;92;28;1;101462.3652
Alonsótegui;6.95;no;21;4;0.15;0.03;Piso;4;1;102;24;1;104511.1591
Alonsótegui;7.07;no;21;4;0.15;0.03;Piso;1;0;29;71;0;29713.54512
Alonsótegui;7.56;no;21;4;0.15;0.03;Piso;2;1;40;37;0;40517.76484
Alonsótegui;8.71;no;21;4;0.15;0.03;Piso;3;1;117;3;0;113056.8324
Alonsótegui;7.48;no;21;4;0.15;0.03;Casa;5;1;127;21;0;110491.4008
Alonsótegui;8.52;no;21;4;0.15;0.03;Casa;6;1;232;58;0;248171.2129
Alonsótegui;7.79;no;21;4;0.15;0.03;Casa;6;1;124;44;0;130140.242
Alonsótegui;7.42;no;21;4;0.15;0.03;Casa;5;0;120;17;1;102696.9058
Alonsótegui;7.99;no;21;4;0.15;0.03;Casa;5;0;118;42;1;133255.2687
Alonsótegui;7.65;no;21;4;0.15;0.03;Casa;3;1;180;61;0;203455.7728
Alonsótegui;7.71;no;21;4;0.15;0.03;Casa;6;1;203;53;1;211500.2106
Alonsótegui;8.49;no;21;4;0.15;0.03;Casa;4;1;112;57;1;91954.24885
Alonsótegui;7.21;no;21;4;0.15;0.03;Casa;3;1;132;45;1;129567.7508
Alonsótegui;7.81;no;21;4;0.15;0.03;Casa;6;0;124;39;0;120052.1169
Alonsótegui;8.25;no;21;4;0.15;0.03;Casa;4;1;138;31;0;148069.6526
Alonsótegui;8.03;no;21;4;0.15;0.03;Casa;3;0;246;46;0;246778.5893
Alonsótegui;7.26;no;21;4;0.15;0.03;Casa;5;0;228;60;1;213873.2417
Alonsótegui;6.89;no;21;4;0.15;0.03;Casa;6;1;129;45;0;140004.0947
Alonsótegui;8.43;no;21;4;0.15;0.03;Casa;6;1;186;48;0;186874.5581
Alonsótegui;7.57;no;21;4;0.15;0.03;Casa;3;0;156;22;1;174865.8572
Alonsótegui;6.78;no;21;4;0.15;0.03;Casa;4;0;223;18;1;204772.6521
Alonsótegui;7.34;no;21;4;0.15;0.03;Casa;3;1;147;61;1;126470.4476
Alonsótegui;7.07;no;21;4;0.15;0.03;Casa;6;1;153;25;0;140750.2316
Alonsótegui;8.18;no;21;4;0.15;0.03;Casa;3;1;204;69;0;217903.3491
Alonsótegui;7.7;no;21;4;0.15;0.03;Casa;3;0;145;19;0;159640.0666
Alonsótegui;7.93;no;21;4;0.15;0.03;Casa;5;0;150;47;0;122978.9121
Alonsótegui;8.28;no;21;4;0.15;0.03;Casa;5;0;141;49;1;143706.2664
Alonsótegui;7.3;no;21;4;0.15;0.03;Casa;5;0;186;52;0;192939.783
Alonsótegui;8.29;no;21;4;0.15;0.03;Casa;3;0;121;69;1;114334.5653
Alonsótegui;8.01;no;21;4;0.15;0.03;Casa;6;0;173;29;0;144458.4819
Alonsótegui;6.4;no;21;4;0.15;0.03;Casa;5;1;109;59;0;110814.7008
Alonsótegui;7.51;no;21;4;0.15;0.03;Casa;5;0;250;38;1;243025.8721
Alonsótegui;6.94;no;21;4;0.15;0.03;Casa;4;0;123;11;0;127763.7671
Alonsótegui;7.8;no;21;4;0.15;0.03;Casa;5;0;182;43;1;175925.0547
Alonsótegui;7.78;no;21;4;0.15;0.03;Casa;4;0;157;67;0;157775.6946
Alonsótegui;8.37;no;21;4;0.15;0.03;Casa;4;1;147;69;0;145904.3709
Alonsótegui;8.29;no;21;4;0.15;0.03;Casa;6;0;107;40;1;86448.51323
Alonsótegui;8.26;no;21;4;0.15;0.03;Casa;6;0;181;44;0;174775.5522
Alonsótegui;7.78;no;21;4;0.15;0.03;Casa;4;0;134;29;1;108219.8848
Alonsótegui;7.62;no;21;4;0.15;0.03;Casa;5;0;193;46;1;193317.7136
Alonsótegui;7.39;no;21;4;0.15;0.03;Casa;3;0;191;50;0;171839.9487
Alonsótegui;8.06;no;21;4;0.15;0.03;Casa;6;0;237;36;1;191287.7924
Alonsótegui;8.09;no;21;4;0.15;0.03;Casa;6;0;245;69;0;274732.3137
Alonsótegui;6.45;no;21;4;0.15;0.03;Casa;3;0;191;9;0;168321.9307
Alonsótegui;8.54;no;21;4;0.15;0.03;Casa;5;1;102;59;1;80735.02983
Alonsótegui;7.53;no;21;4;0.15;0.03;Casa;3;1;247;37;1;253582.0361
Alonsótegui;6.16;no;21;4;0.15;0.03;Casa;3;0;184;63;1;169910.6755
Alonsótegui;7.26;no;21;4;0.15;0.03;Casa;3;0;162;43;0;140670.4743
Alonsótegui;8.08;no;21;4;0.15;0.03;Casa;3;1;241;11;1;220666.806
Alonsótegui;8.7;no;21;4;0.15;0.03;Casa;6;1;169;21;0;144912.6044
Alonsótegui;8.09;no;21;4;0.15;0.03;Casa;4;0;210;65;0;231922.1521
Alonsótegui;6.75;no;21;4;0.15;0.03;Casa;4;1;186;69;0;210478.9391
Las Arenas;10.3;si;216;40;0.13;0.013925501;Piso;2;1;99;36;0;507020.5692
Las Arenas;12.86;si;216;40;0.13;0.013925501;Piso;2;1;81;57;1;395499.6411
Las Arenas;10.91;si;216;40;0.13;0.013925501;Piso;4;1;133;14;0;544640.9687
Las Arenas;10.41;si;216;40;0.13;0.013925501;Piso;2;0;88;52;1;453580.4627
Las Arenas;11.69;si;216;40;0.13;0.013925501;Piso;1;1;58;2;1;360730.0842
Las Arenas;10.48;si;216;40;0.13;0.013925501;Piso;1;0;71;9;0;370132.7241
Las Arenas;12.44;si;216;40;0.13;0.013925501;Piso;3;0;130;31;0;563766.0405
Las Arenas;12.72;si;216;40;0.13;0.013925501;Piso;3;0;107;10;1;465450.1996
Las Arenas;10.83;si;216;40;0.13;0.013925501;Piso;2;0;150;28;1;655386.8834
Las Arenas;11.76;si;216;40;0.13;0.013925501;Piso;4;0;119;28;0;525370.5798
Las Arenas;11.58;si;216;40;0.13;0.013925501;Piso;2;1;120;41;1;524794.9538
Las Arenas;11.58;si;216;40;0.13;0.013925501;Piso;1;0;99;21;0;467979.7007
Las Arenas;10.35;si;216;40;0.13;0.013925501;Piso;2;0;129;27;1;557339.34
Las Arenas;12.83;si;216;40;0.13;0.013925501;Piso;4;1;102;35;0;459975.9282
Las Arenas;12.23;si;216;40;0.13;0.013925501;Piso;2;1;65;21;1;404644.6052
Las Arenas;12.14;si;216;40;0.13;0.013925501;Piso;2;0;139;55;0;547821.0199
Las Arenas;11.09;si;216;40;0.13;0.013925501;Piso;4;1;136;44;1;559244.2654
Las Arenas;10.36;si;216;40;0.13;0.013925501;Piso;3;1;120;29;0;532308.7944
Las Arenas;11.05;si;216;40;0.13;0.013925501;Piso;1;0;63;10;0;362326.2884
Las Arenas;12.23;si;216;40;0.13;0.013925501;Piso;1;0;93;10;0;416241.9473
Las Arenas;12.14;si;216;40;0.13;0.013925501;Piso;1;1;75;29;1;393586.3596
Las Arenas;11.61;si;216;40;0.13;0.013925501;Piso;3;0;101;28;1;460268.2745
Las Arenas;11.45;si;216;40;0.13;0.013925501;Piso;2;0;54;37;0;348527.7603
Las Arenas;11.56;si;216;40;0.13;0.013925501;Piso;1;0;62;23;0;367722.4782
Las Arenas;12.01;si;216;40;0.13;0.013925501;Piso;3;0;149;34;0;623241.4883
Las Arenas;11.53;si;216;40;0.13;0.013925501;Piso;2;0;118;60;1;550097.5868
Las Arenas;11.1;si;216;40;0.13;0.013925501;Piso;1;1;52;29;0;353000.7269
Las Arenas;10.26;si;216;40;0.13;0.013925501;Piso;2;1;64;40;1;369976.0948
Las Arenas;12.9;si;216;40;0.13;0.013925501;Piso;2;1;77;23;0;389078.1391
Las Arenas;10.62;si;216;40;0.13;0.013925501;Piso;4;1;105;51;1;519493.6703
Las Arenas;11.89;si;216;40;0.13;0.013925501;Piso;2;1;101;28;1;482359.6902
Las Arenas;12.24;si;216;40;0.13;0.013925501;Piso;3;0;119;20;0;491484.7608
Las Arenas;12.11;si;216;40;0.13;0.013925501;Piso;2;0;53;4;0;335678.9432
Las Arenas;12.74;si;216;40;0.13;0.013925501;Piso;1;1;90;14;0;460781.1175
Las Arenas;12.57;si;216;40;0.13;0.013925501;Piso;2;1;77;41;1;438395.3205
Las Arenas;11.87;si;216;40;0.13;0.013925501;Piso;3;0;134;49;0;592836.7412
Las Arenas;11.03;si;216;40;0.13;0.013925501;Piso;2;1;83;10;0;418653.673
Las Arenas;12.13;si;216;40;0.13;0.013925501;Piso;2;1;93;13;1;466405.1757
Las Arenas;12.64;si;216;40;0.13;0.013925501;Piso;4;0;111;6;1;532476.4898
Las Arenas;10.45;si;216;40;0.13;0.013925501;Piso;2;0;86;53;1;441001.5479
Las Arenas;12.4;si;216;40;0.13;0.013925501;Piso;2;0;103;29;1;449526.579
Las Arenas;11.32;si;216;40;0.13;0.013925501;Piso;3;1;140;2;1;610881.7522
Las Arenas;11.6;si;216;40;0.13;0.013925501;Piso;4;1;146;29;0;654867.6798
Las Arenas;11.6;si;216;40;0.13;0.013925501;Piso;1;0;99;57;1;484523.4701
Las Arenas;10.38;si;216;40;0.13;0.013925501;Piso;2;1;79;5;1;393712.3046
Las Arenas;11.52;si;216;40;0.13;0.013925501;Piso;3;0;127;21;0;533968.637
Las Arenas;12.81;si;216;40;0.13;0.013925501;Piso;2;1;99;51;0;470773.6881
Las Arenas;11.88;si;216;40;0.13;0.013925501;Piso;4;1;112;47;1;473507.6649
Las Arenas;11.31;si;216;40;0.13;0.013925501;Piso;1;1;71;21;0;419279.7266
Las Arenas;12.18;si;216;40;0.13;0.013925501;Piso;2;1;58;31;1;366632.9778
Las Arenas;10.37;si;216;40;0.13;0.013925501;Casa;2;1;231;48;0;848309.4499
Las Arenas;12.66;si;216;40;0.13;0.013925501;Casa;3;0;193;42;0;768070.4144
Las Arenas;11.91;si;216;40;0.13;0.013925501;Casa;2;0;294;54;1;1052941.121
Las Arenas;11.95;si;216;40;0.13;0.013925501;Casa;2;0;229;45;1;797889.9421
Las Arenas;11.72;si;216;40;0.13;0.013925501;Casa;3;0;253;48;0;932249.6964
Las Arenas;11.01;si;216;40;0.13;0.013925501;Casa;2;1;276;3;1;979820.7544
Las Arenas;11.38;si;216;40;0.13;0.013925501;Casa;5;0;209;12;1;833088.9834
Las Arenas;10.51;si;216;40;0.13;0.013925501;Casa;2;1;263;24;1;898540.455
Las Arenas;11.24;si;216;40;0.13;0.013925501;Casa;5;0;246;58;0;887179.0513
Las Arenas;12.46;si;216;40;0.13;0.013925501;Casa;4;1;250;17;0;877715.3928
Las Arenas;10.7;si;216;40;0.13;0.013925501;Casa;3;1;230;6;1;823201.7471
Las Arenas;12.98;si;216;40;0.13;0.013925501;Casa;2;1;237;47;0;838827.1046
Las Arenas;11.98;si;216;40;0.13;0.013925501;Casa;4;0;199;52;1;795444.9038
Las Arenas;12.44;si;216;40;0.13;0.013925501;Casa;5;1;211;22;1;760774.1375
Las Arenas;10.64;si;216;40;0.13;0.013925501;Casa;2;1;260;36;1;868787.0702
Las Arenas;10.47;si;216;40;0.13;0.013925501;Casa;5;0;201;27;1;785261.2071
Las Arenas;12.22;si;216;40;0.13;0.013925501;Casa;3;0;182;20;1;721295.2906
Las Arenas;10.43;si;216;40;0.13;0.013925501;Casa;2;1;245;30;0;922544.1682
Las Arenas;11.29;si;216;40;0.13;0.013925501;Casa;2;0;273;60;1;984039.5845
Las Arenas;12.33;si;216;40;0.13;0.013925501;Casa;2;1;260;9;1;983846.6735
Las Arenas;10.75;si;216;40;0.13;0.013925501;Casa;4;0;213;34;1;825048.7337
Las Arenas;10.71;si;216;40;0.13;0.013925501;Casa;4;0;269;29;1;886699.8822
Las Arenas;12.82;si;216;40;0.13;0.013925501;Casa;3;0;253;6;0;890493.7991
Las Arenas;10.87;si;216;40;0.13;0.013925501;Casa;4;1;202;36;0;709145.6992
Las Arenas;11.4;si;216;40;0.13;0.013925501;Casa;3;0;236;42;1;831494.8117
Las Arenas;11.86;si;216;40;0.13;0.013925501;Casa;2;0;286;30;0;965574.6155
Las Arenas;11.71;si;216;40;0.13;0.013925501;Casa;4;1;249;35;0;965149.8767
Las Arenas;11.26;si;216;40;0.13;0.013925501;Casa;5;1;206;12;0;745171.3828
Las Arenas;11.91;si;216;40;0.13;0.013925501;Casa;4;1;225;20;0;814815.4871
Las Arenas;11.97;si;216;40;0.13;0.013925501;Casa;3;1;266;14;1;900817.7118
Las Arenas;12.58;si;216;40;0.13;0.013925501;Casa;4;1;204;35;1;805948.8945
Las Arenas;11.81;si;216;40;0.13;0.013925501;Casa;4;0;200;54;0;819609.622
Las Arenas;11.55;si;216;40;0.13;0.013925501;Casa;5;1;220;9;1;880480.5859
Las Arenas;11.7;si;216;40;0.13;0.013925501;Casa;4;0;184;13;0;715431.9246
Las Arenas;10.11;si;216;40;0.13;0.013925501;Casa;5;1;244;41;0;958234.149
Las Arenas;11.8;si;216;40;0.13;0.013925501;Casa;5;1;208;31;1;746497.0295
Las Arenas;10.93;si;216;40;0.13;0.013925501;Casa;2;1;196;37;1;721504.0411
Las Arenas;10.97;si;216;40;0.13;0.013925501;Casa;4;1;206;52;0;833638.8579
Las Arenas;12.16;si;216;40;0.13;0.013925501;Casa;3;1;260;7;0;947283.8266
Las Arenas;10.68;si;216;40;0.13;0.013925501;Casa;2;0;290;52;1;1033416.842
Las Arenas;12.71;si;216;40;0.13;0.013925501;Casa;2;0;294;7;1;1013615.751
Las Arenas;12.37;si;216;40;0.13;0.013925501;Casa;2;0;182;4;1;714821.5174
Las Arenas;12.85;si;216;40;0.13;0.013925501;Casa;4;0;186;8;1;712265.4331
Las Arenas;12.32;si;216;40;0.13;0.013925501;Casa;2;0;272;56;0;1030869.071
Las Arenas;12.26;si;216;40;0.13;0.013925501;Casa;2;1;268;40;0;1012843.313
Las Arenas;12.26;si;216;40;0.13;0.013925501;Casa;3;0;225;37;0;786397.762
Las Arenas;12.94;si;216;40;0.13;0.013925501;Casa;5;1;259;15;1;920525.8521
Las Arenas;12.3;si;216;40;0.13;0.013925501;Casa;5;1;212;44;1;806554.5989
Las Arenas;10.38;si;216;40;0.13;0.013925501;Casa;2;0;198;4;1;702857.3035
Las Arenas;10.34;si;216;40;0.13;0.013925501;Casa;2;0;266;10;1;898178.6067
Arrigorriaga;11.73;no;70;6;0.04;0.005;Piso;2;0;78;57;0;109431.5794
Arrigorriaga;13.28;no;70;6;0.04;0.005;Piso;2;0;69;3;1;106969.0945
Arrigorriaga;13.73;no;70;6;0.04;0.005;Piso;1;0;82;43;1;117858.989
Arrigorriaga;12.04;no;70;6;0.04;0.005;Piso;4;0;119;14;1;169861.2837
Arrigorriaga;13.63;no;70;6;0.04;0.005;Piso;1;0;74;60;1;106939.9897
Arrigorriaga;13.23;no;70;6;0.04;0.005;Piso;2;1;105;42;1;152328.9598
Arrigorriaga;13.79;no;70;6;0.04;0.005;Piso;2;0;95;17;1;135526.6537
Arrigorriaga;12.26;no;70;6;0.04;0.005;Piso;2;1;92;30;0;127651.989
Arrigorriaga;12.74;no;70;6;0.04;0.005;Piso;2;0;93;59;0;130239.17
Arrigorriaga;11.69;no;70;6;0.04;0.005;Piso;3;1;117;4;0;169195.2162
Arrigorriaga;11.02;no;70;6;0.04;0.005;Piso;1;0;65;32;0;101989.76
Arrigorriaga;11.85;no;70;6;0.04;0.005;Piso;4;1;116;47;1;161822.1788
Arrigorriaga;11.81;no;70;6;0.04;0.005;Piso;2;0;60;41;1;91640.76398
Arrigorriaga;13.08;no;70;6;0.04;0.005;Piso;1;1;94;40;0;137556.798
Arrigorriaga;13.33;no;70;6;0.04;0.005;Piso;1;0;68;29;1;101741.3185
Arrigorriaga;11.59;no;70;6;0.04;0.005;Piso;2;1;76;25;0;111253.329
Arrigorriaga;11.14;no;70;6;0.04;0.005;Piso;2;0;86;2;0;118764.6549
Arrigorriaga;12.76;no;70;6;0.04;0.005;Piso;2;0;67;5;0;100445.2905
Arrigorriaga;11.24;no;70;6;0.04;0.005;Piso;2;1;119;28;0;168323.2624
Arrigorriaga;12.23;no;70;6;0.04;0.005;Piso;2;0;89;25;0;121725.4028
Arrigorriaga;12.81;no;70;6;0.04;0.005;Piso;2;0;81;6;0;116544.4024
Arrigorriaga;12.8;no;70;6;0.04;0.005;Piso;4;1;103;26;0;152474.7539
Arrigorriaga;12.79;no;70;6;0.04;0.005;Piso;2;0;82;56;1;123983.3599
Arrigorriaga;12.23;no;70;6;0.04;0.005;Piso;2;0;101;58;0;141635.3709
Arrigorriaga;11.49;no;70;6;0.04;0.005;Piso;2;1;77;39;0;117661.5675
Arrigorriaga;12.17;no;70;6;0.04;0.005;Piso;1;0;99;54;1;137441.5847
Arrigorriaga;11.32;no;70;6;0.04;0.005;Piso;3;1;116;58;1;158754.2582
Arrigorriaga;11.22;no;70;6;0.04;0.005;Piso;1;1;64;39;0;101381.199
Arrigorriaga;13.44;no;70;6;0.04;0.005;Piso;2;0;76;3;0;107460.8689
Arrigorriaga;13.52;no;70;6;0.04;0.005;Piso;2;0;72;51;1;108582.6655
Arrigorriaga;11.51;no;70;6;0.04;0.005;Piso;3;0;108;8;0;145875.4583
Arrigorriaga;13.47;no;70;6;0.04;0.005;Piso;3;0;117;6;0;168503.2571
Arrigorriaga;12.44;no;70;6;0.04;0.005;Piso;2;1;102;18;1;146521.1046
Arrigorriaga;11.93;no;70;6;0.04;0.005;Piso;2;1;106;45;0;143519.1786
Arrigorriaga;13.95;no;70;6;0.04;0.005;Piso;2;0;80;49;0;111662.1916
Arrigorriaga;13.09;no;70;6;0.04;0.005;Piso;2;1;80;44;1;118531.1135
Arrigorriaga;12.26;no;70;6;0.04;0.005;Piso;3;1;103;36;1;152771.9992
Arrigorriaga;12.56;no;70;6;0.04;0.005;Piso;2;0;69;41;0;109010.2933
Arrigorriaga;13.08;no;70;6;0.04;0.005;Piso;4;0;116;35;0;152962.3546
Arrigorriaga;11.04;no;70;6;0.04;0.005;Piso;1;0;80;49;1;122779.9921
Arrigorriaga;13.39;no;70;6;0.04;0.005;Piso;2;0;93;14;0;128249.4375
Arrigorriaga;12.6;no;70;6;0.04;0.005;Piso;3;0;114;10;0;155079.1771
Arrigorriaga;13.27;no;70;6;0.04;0.005;Piso;3;0;102;55;0;150007.2904
Arrigorriaga;12.47;no;70;6;0.04;0.005;Piso;2;0;68;29;1;99121.34577
Arrigorriaga;12.48;no;70;6;0.04;0.005;Piso;2;1;75;50;1;109212.7413
Arrigorriaga;11.59;no;70;6;0.04;0.005;Piso;2;0;109;26;0;148691.9998
Arrigorriaga;11.38;no;70;6;0.04;0.005;Piso;1;1;82;7;0;117678.6561
Arrigorriaga;12.73;no;70;6;0.04;0.005;Piso;2;1;113;5;1;152457.3852
Arrigorriaga;11.79;no;70;6;0.04;0.005;Piso;2;1;97;2;1;145250.4942
Arrigorriaga;11.13;no;70;6;0.04;0.005;Piso;4;0;106;59;0;153231.5545
Arrigorriaga;13.09;no;70;6;0.04;0.005;Piso;1;0;64;43;1;95606.45182
Arrigorriaga;12.24;no;70;6;0.04;0.005;Piso;1;1;64;48;0;95322.39551
Arrigorriaga;13.49;no;70;6;0.04;0.005;Piso;2;0;74;5;0;110203.5077
Arrigorriaga;12.78;no;70;6;0.04;0.005;Casa;5;0;168;17;0;232053.4837
Arrigorriaga;11.47;no;70;6;0.04;0.005;Casa;6;1;159;40;0;202624.3593
Arrigorriaga;12.15;no;70;6;0.04;0.005;Casa;4;0;175;42;1;230268.7919
Arrigorriaga;11.48;no;70;6;0.04;0.005;Casa;5;0;182;52;0;245491.7923
Arrigorriaga;13.66;no;70;6;0.04;0.005;Casa;6;0;170;34;1;225591.0467
Arrigorriaga;11.62;no;70;6;0.04;0.005;Casa;5;1;197;7;1;253326.1334
Arrigorriaga;11.05;no;70;6;0.04;0.005;Casa;4;1;144;57;0;202643.3376
Arrigorriaga;13.58;no;70;6;0.04;0.005;Casa;5;0;184;7;1;248916.0511
Arrigorriaga;13.92;no;70;6;0.04;0.005;Casa;6;0;216;43;0;274242.7027
Arrigorriaga;13.06;no;70;6;0.04;0.005;Casa;6;0;212;30;1;287415.5703
Arrigorriaga;11.92;no;70;6;0.04;0.005;Casa;4;1;98;49;0;139883.7718
Arrigorriaga;12.4;no;70;6;0.04;0.005;Casa;3;0;120;24;0;167001.8066
Arrigorriaga;11.61;no;70;6;0.04;0.005;Casa;4;0;132;35;0;176331.4119
Arrigorriaga;13.48;no;70;6;0.04;0.005;Casa;4;1;129;17;0;184316.2403
Arrigorriaga;12.58;no;70;6;0.04;0.005;Casa;3;1;124;44;1;162723.3108
Arrigorriaga;13.35;no;70;6;0.04;0.005;Casa;5;1;107;11;0;144086.0998
Arrigorriaga;12.14;no;70;6;0.04;0.005;Casa;4;0;117;57;0;166495.8387
Arrigorriaga;12.51;no;70;6;0.04;0.005;Casa;3;0;123;18;1;174066.9857
Arrigorriaga;11.72;no;70;6;0.04;0.005;Casa;4;0;216;11;1;269735.5226
Arrigorriaga;12.78;no;70;6;0.04;0.005;Casa;4;0;93;47;1;134325.3825
Arrigorriaga;12.79;no;70;6;0.04;0.005;Casa;6;0;218;2;0;294270.4649
Arrigorriaga;12.71;no;70;6;0.04;0.005;Casa;4;1;167;18;1;228336.6065
Arrigorriaga;12.96;no;70;6;0.04;0.005;Casa;5;1;177;37;0;240068.8448
Arrigorriaga;13.15;no;70;6;0.04;0.005;Casa;6;0;189;15;1;240228.2739
Arrigorriaga;13.11;no;70;6;0.04;0.005;Casa;5;0;141;45;0;196045.2327
Arrigorriaga;12.98;no;70;6;0.04;0.005;Casa;6;0;157;41;0;206277.1812
Arrigorriaga;11.42;no;70;6;0.04;0.005;Casa;3;0;138;34;0;179814.3546
Arrigorriaga;11.78;no;70;6;0.04;0.005;Casa;6;1;209;42;1;275986.1565
Arrigorriaga;11.81;no;70;6;0.04;0.005;Casa;5;1;183;55;0;232534.9837
Arrigorriaga;12.84;no;70;6;0.04;0.005;Casa;6;1;149;8;1;201691.2929
Arrigorriaga;12.31;no;70;6;0.04;0.005;Casa;5;0;124;32;0;165072.1232
Arrigorriaga;12.24;no;70;6;0.04;0.005;Casa;4;0;198;52;1;269044.1938
Arrigorriaga;11.06;no;70;6;0.04;0.005;Casa;4;0;204;3;0;259539.9598
Arrigorriaga;11.04;no;70;6;0.04;0.005;Casa;6;1;90;53;1;132571.8762
Arrigorriaga;13.93;no;70;6;0.04;0.005;Casa;4;0;138;36;0;194691.007
Arrigorriaga;12.66;no;70;6;0.04;0.005;Casa;5;1;145;50;1;190293.4184
Arrigorriaga;11.45;no;70;6;0.04;0.005;Casa;6;0;172;35;1;234947.8097
Arrigorriaga;11.95;no;70;6;0.04;0.005;Casa;4;0;129;51;1;179160.0541
Arrigorriaga;13.51;no;70;6;0.04;0.005;Casa;6;0;154;51;1;210045.1843
Arrigorriaga;11.39;no;70;6;0.04;0.005;Casa;5;1;180;12;1;244645.4806
Arrigorriaga;13.49;no;70;6;0.04;0.005;Casa;4;0;131;19;0;177934.1919
Arrigorriaga;11.48;no;70;6;0.04;0.005;Casa;4;1;156;56;0;207742.4737
Arrigorriaga;12.17;no;70;6;0.04;0.005;Casa;4;0;145;45;0;185322.6352
Arrigorriaga;12.21;no;70;6;0.04;0.005;Casa;6;1;106;45;1;153619.8543
Arrigorriaga;13.26;no;70;6;0.04;0.005;Casa;4;0;105;40;1;152932.9851
Arrigorriaga;13.69;no;70;6;0.04;0.005;Casa;3;0;218;12;1;292968.3921
Arrigorriaga;13.61;no;70;6;0.04;0.005;Casa;6;1;160;22;0;210326.3536
Buia;6.7;no;29;5;0.05;0.005;Piso;4;1;110;47;0;132946.6864
Buia;8.3;no;29;5;0.05;0.005;Piso;1;1;88;49;0;107135.0734
Buia;6.65;no;29;5;0.05;0.005;Piso;4;0;104;22;1;130805.9757
Buia;8.04;no;29;5;0.05;0.005;Piso;2;0;116;31;1;136439.4111
Buia;7.04;no;29;5;0.05;0.005;Piso;2;1;115;9;0;141915.9549
Buia;6.52;no;29;5;0.05;0.005;Piso;1;0;94;54;0;118747.8518
Buia;8.01;no;29;5;0.05;0.005;Piso;2;0;57;9;0;74372.52146
Buia;6.58;no;29;5;0.05;0.005;Piso;2;0;52;29;0;68735.95328
Buia;7.12;no;29;5;0.05;0.005;Piso;2;1;63;47;0;78924.85539
Buia;6.58;no;29;5;0.05;0.005;Piso;4;1;118;42;0;146380.5201
Buia;6.5;no;29;5;0.05;0.005;Piso;1;0;69;47;1;90814.37067
Buia;7.73;no;29;5;0.05;0.005;Piso;2;0;86;7;1;111072.366
Buia;6.52;no;29;5;0.05;0.005;Piso;2;0;84;25;0;106137.6866
Buia;8.08;no;29;5;0.05;0.005;Piso;2;1;118;40;0;140628.7553
Buia;8.09;no;29;5;0.05;0.005;Piso;1;1;64;27;1;85635.27951
Buia;7.23;no;29;5;0.05;0.005;Piso;2;1;60;13;0;79515.8197
Buia;8.48;no;29;5;0.05;0.005;Piso;3;0;119;28;0;144057.4838
Buia;7.25;no;29;5;0.05;0.005;Piso;2;0;90;39;1;108357.7106
Buia;8.3;no;29;5;0.05;0.005;Piso;2;0;55;29;1;75264.1719
Buia;7.88;no;29;5;0.05;0.005;Piso;3;1;108;8;1;137552.2282
Buia;6.97;no;29;5;0.05;0.005;Piso;3;0;118;4;0;145436.4843
Buia;6.75;no;29;5;0.05;0.005;Piso;2;1;77;54;0;95612.11167
Buia;7.7;no;29;5;0.05;0.005;Piso;3;0;114;51;0;134000.6473
Buia;6.77;no;29;5;0.05;0.005;Piso;3;0;109;21;1;135910.0609
Buia;7.35;no;29;5;0.05;0.005;Piso;1;1;74;15;0;94815.45643
Buia;6.56;no;29;5;0.05;0.005;Piso;2;1;86;25;1;108079.7005
Buia;8.5;no;29;5;0.05;0.005;Piso;1;0;95;8;0;119981.5624
Buia;6.59;no;29;5;0.05;0.005;Piso;1;1;78;28;0;96176.25974
Buia;8.49;no;29;5;0.05;0.005;Piso;2;1;63;57;1;83711.99828
Buia;6.52;no;29;5;0.05;0.005;Piso;2;0;66;22;0;85730.32569
Buia;8.48;no;29;5;0.05;0.005;Piso;1;1;81;18;1;100300.8153
Buia;7.7;no;29;5;0.05;0.005;Piso;1;1;75;26;1;98310.31337
Buia;8.5;no;29;5;0.05;0.005;Piso;1;1;54;5;0;68803.46471
Buia;7.63;no;29;5;0.05;0.005;Piso;4;0;117;32;1;143220.4124
Buia;7.86;no;29;5;0.05;0.005;Piso;1;1;62;20;0;82479.52122
Buia;8.4;no;29;5;0.05;0.005;Piso;3;0;110;13;1;139236.4273
Buia;7.3;no;29;5;0.05;0.005;Piso;3;0;115;60;1;144949.5321
Buia;7.03;no;29;5;0.05;0.005;Piso;2;0;69;19;0;90550.12097
Buia;7.12;no;29;5;0.05;0.005;Piso;2;1;84;33;1;104129.2029
Buia;7.94;no;29;5;0.05;0.005;Piso;2;0;58;17;1;75051.70796
Buia;7.76;no;29;5;0.05;0.005;Piso;2;1;56;4;1;75974.84351
Buia;7.23;no;29;5;0.05;0.005;Piso;2;1;57;7;0;74960.85064
Buia;6.66;no;29;5;0.05;0.005;Piso;3;1;119;48;1;150140.9232
Buia;6.81;no;29;5;0.05;0.005;Piso;2;0;61;47;1;77036.58162
Buia;7.51;no;29;5;0.05;0.005;Piso;1;1;78;28;1;95404.58064
Buia;6.67;no;29;5;0.05;0.005;Piso;2;1;64;48;0;84007.4075
Buia;8.01;no;29;5;0.05;0.005;Piso;2;1;72;26;0;88654.56171
Buia;6.86;no;29;5;0.05;0.005;Piso;1;1;86;52;1;109236.3673
Buia;8.47;no;29;5;0.05;0.005;Piso;2;1;98;24;0;122572.0936
Buia;6.54;no;29;5;0.05;0.005;Piso;1;0;51;17;0;67082.58584
Buia;7.4;no;29;5;0.05;0.005;Casa;6;1;144;49;1;180664.2316
Buia;7.73;no;29;5;0.05;0.005;Casa;3;0;200;4;1;243068.9374
Buia;7.74;no;29;5;0.05;0.005;Casa;3;1;241;49;1;272511.1143
Buia;7.99;no;29;5;0.05;0.005;Casa;5;1;219;32;0;265630.7251
Buia;7.05;no;29;5;0.05;0.005;Casa;3;0;237;20;0;280211.9228
Buia;8.47;no;29;5;0.05;0.005;Casa;3;1;218;59;0;259198.0713
Buia;6.96;no;29;5;0.05;0.005;Casa;4;1;184;56;0;214194.34
Buia;7.28;no;29;5;0.05;0.005;Casa;4;1;237;47;1;268734.022
Buia;7.78;no;29;5;0.05;0.005;Casa;6;0;128;55;1;151549.1316
Buia;7.29;no;29;5;0.05;0.005;Casa;5;0;131;33;1;156832.3039
Buia;6.87;no;29;5;0.05;0.005;Casa;5;0;128;33;0;157724.2241
Buia;7.16;no;29;5;0.05;0.005;Casa;4;0;190;33;0;220242.4875
Buia;7;no;29;5;0.05;0.005;Casa;5;0;203;46;0;238912.7428
Buia;7.6;no;29;5;0.05;0.005;Casa;4;0;121;25;0;149223.5076
Buia;7;no;29;5;0.05;0.005;Casa;6;0;116;9;1;145601.685
Buia;7.58;no;29;5;0.05;0.005;Casa;4;1;132;43;0;159674.9625
Buia;7.13;no;29;5;0.05;0.005;Casa;5;1;166;18;0;201403.1966
Buia;7.18;no;29;5;0.05;0.005;Casa;4;0;174;28;0;212646.6486
Buia;8.43;no;29;5;0.05;0.005;Casa;4;0;175;30;0;210450.1649
Buia;8.14;no;29;5;0.05;0.005;Casa;4;0;198;18;0;225287.8695
centro;10.49;si;283;12;0.09;0.05;Piso;2;0;56;25;0;213062.5989
centro;9.99;si;283;12;0.09;0.05;Piso;1;1;80;46;0;241893.3965
centro;9.17;si;283;12;0.09;0.05;Piso;2;1;99;46;1;285084.8873
centro;10.32;si;283;12;0.09;0.05;Piso;2;1;124;5;1;312781.4791
centro;10.65;si;283;12;0.09;0.05;Piso;2;0;61;34;0;209232.9208
centro;10.51;si;283;12;0.09;0.05;Piso;3;0;126;8;0;323508.6842
centro;8.58;si;283;12;0.09;0.05;Piso;2;1;123;4;1;315670.0338
centro;8.56;si;283;12;0.09;0.05;Piso;2;1;99;28;0;283884.1139
centro;9.93;si;283;12;0.09;0.05;Piso;4;1;113;32;1;292782.6651
centro;10.87;si;283;12;0.09;0.05;Piso;3;1;142;12;0;340368.3896
centro;8.91;si;283;12;0.09;0.05;Piso;3;1;130;7;1;318326.0099
centro;8.94;si;283;12;0.09;0.05;Piso;2;1;124;26;1;312598.0778
centro;9.18;si;283;12;0.09;0.05;Piso;2;0;52;52;1;196521.9505
centro;10.81;si;283;12;0.09;0.05;Piso;4;1;120;32;1;316569.2022
centro;9.88;si;283;12;0.09;0.05;Piso;2;0;84;6;1;252996.961
centro;10.68;si;283;12;0.09;0.05;Piso;2;0;129;15;1;328657.3136
centro;10.01;si;283;12;0.09;0.05;Piso;1;0;60;35;0;215792.4442
centro;10.96;si;283;12;0.09;0.05;Piso;3;0;118;23;1;303223.9043
centro;8.6;si;283;12;0.09;0.05;Piso;2;1;139;37;1;340749.0346
centro;10.18;si;283;12;0.09;0.05;Piso;4;0;146;33;1;357523.3601
centro;8.54;si;283;12;0.09;0.05;Piso;4;1;137;57;1;343864.5656
centro;10.59;si;283;12;0.09;0.05;Piso;2;0;68;6;0;232752.8925
centro;9.25;si;283;12;0.09;0.05;Piso;4;1;117;3;1;312121.3254
centro;10.58;si;283;12;0.09;0.05;Piso;4;0;121;35;0;320496.3145
centro;8.28;si;283;12;0.09;0.05;Piso;2;1;82;33;0;252740.9103
centro;8.6;si;283;12;0.09;0.05;Piso;2;0;117;13;0;295536.4136
centro;8.99;si;283;12;0.09;0.05;Piso;2;1;59;49;1;219964.1509
centro;8.14;si;283;12;0.09;0.05;Piso;1;1;73;44;1;238680.1193
centro;9.15;si;283;12;0.09;0.05;Piso;2;1;71;2;0;235636.0498
centro;8.94;si;283;12;0.09;0.05;Piso;1;1;58;2;0;213956.0805
centro;10.32;si;283;12;0.09;0.05;Piso;3;1;120;40;1;320085.923
centro;8.56;si;283;12;0.09;0.05;Piso;2;1;127;43;0;325000.8358
centro;8.62;si;283;12;0.09;0.05;Piso;3;0;150;56;1;368110.9793
centro;9.76;si;283;12;0.09;0.05;Piso;2;1;87;54;0;257177.4538
centro;8.31;si;283;12;0.09;0.05;Piso;2;0;127;40;1;312033.0047
centro;10.15;si;283;12;0.09;0.05;Piso;2;1;138;10;0;328666.231
centro;10.36;si;283;12;0.09;0.05;Piso;4;1;128;35;0;323715.0468
centro;8.71;si;283;12;0.09;0.05;Piso;3;1;133;60;0;330836.145
centro;10.05;si;283;12;0.09;0.05;Piso;1;1;84;23;0;244671.3258
centro;10.54;si;283;12;0.09;0.05;Piso;2;1;79;47;1;238868.902
centro;8.93;si;283;12;0.09;0.05;Piso;3;1;132;20;0;338437.5867
centro;9.82;si;283;12;0.09;0.05;Piso;2;1;68;8;1;231567.8684
centro;10.53;si;283;12;0.09;0.05;Piso;4;0;125;19;0;313779.5824
centro;9.29;si;283;12;0.09;0.05;Piso;2;0;124;23;0;306274.4598
centro;9.88;si;283;12;0.09;0.05;Piso;3;1;141;33;1;339919.3643
centro;9.9;si;283;12;0.09;0.05;Piso;1;1;95;37;1;266501.4466
centro;9.06;si;283;12;0.09;0.05;Piso;2;1;71;54;0;228616.636
centro;8.95;si;283;12;0.09;0.05;Piso;2;0;68;36;1;230651.7387
centro;8.2;si;283;12;0.09;0.05;Piso;3;1;119;20;1;305586.537
centro;8.43;si;283;12;0.09;0.05;Piso;3;1;108;59;1;300548.9349
centro;9.64;si;283;12;0.09;0.05;Piso;2;1;67;9;1;233095.8466
bagatza;7.9;si;299;10;0.13;0.08;Piso;2;1;76;60;0;231729.1218
bagatza;8.54;si;299;10;0.13;0.08;Piso;2;0;89;48;0;250430.2489
bagatza;7.93;si;299;10;0.13;0.08;Piso;2;0;136;39;1;274538.7454
bagatza;7.88;si;299;10;0.13;0.08;Piso;2;0;54;13;0;198136.8496
bagatza;7.1;si;299;10;0.13;0.08;Piso;3;1;138;13;0;320518.2099
bagatza;8.7;si;299;10;0.13;0.08;Piso;1;1;78;12;0;213392.6654
bagatza;8.91;si;299;10;0.13;0.08;Piso;2;0;57;47;1;185707.2576
bagatza;8.03;si;299;10;0.13;0.08;Piso;2;0;148;2;0;299324.6959
bagatza;7.78;si;299;10;0.13;0.08;Piso;3;1;133;8;1;295538.0048
bagatza;7.41;si;299;10;0.13;0.08;Piso;2;1;110;37;0;257671.8875
bagatza;8.21;si;299;10;0.13;0.08;Piso;4;1;118;26;1;275348.7154
bagatza;8.29;si;299;10;0.13;0.08;Piso;1;1;80;6;0;230156.7477
bagatza;8.41;si;299;10;0.13;0.08;Piso;3;0;113;30;1;254310.839
bagatza;8.16;si;299;10;0.13;0.08;Piso;2;0;101;12;0;276350.1314
bagatza;7.31;si;299;10;0.13;0.08;Piso;1;1;87;51;0;243805.3569
bagatza;8.45;si;299;10;0.13;0.08;Piso;3;0;148;55;0;334447.9795
bagatza;7.9;si;299;10;0.13;0.08;Piso;1;1;66;39;1;217153.191
bagatza;7.54;si;299;10;0.13;0.08;Piso;1;0;88;13;1;212703.9031
bagatza;8.08;si;299;10;0.13;0.08;Piso;4;1;112;50;0;282861.9864
bagatza;8.96;si;299;10;0.13;0.08;Piso;2;0;54;43;0;174768.4536
bagatza;8.26;si;299;10;0.13;0.08;Piso;2;1;71;25;0;227571.3743
bagatza;8.64;si;299;10;0.13;0.08;Piso;2;0;104;40;0;248797.2626
bagatza;8.54;si;299;10;0.13;0.08;Piso;2;0;137;19;0;289098.6694
bagatza;7.69;si;299;10;0.13;0.08;Piso;2;1;92;5;1;245656.1389
bagatza;8.62;si;299;10;0.13;0.08;Piso;4;0;105;54;1;256614.9772
bagatza;7.78;si;299;10;0.13;0.08;Piso;2;1;63;5;1;185337.6995
bagatza;9;si;299;10;0.13;0.08;Piso;1;1;97;31;0;250831.969
bagatza;8.84;si;299;10;0.13;0.08;Piso;1;1;81;27;0;220943.7268
bagatza;8.56;si;299;10;0.13;0.08;Piso;4;1;107;37;0;259049.6036
bagatza;7.58;si;299;10;0.13;0.08;Piso;2;1;66;13;0;210461.1184
bagatza;8.98;si;299;10;0.13;0.08;Piso;3;0;107;40;0;265839.2732
bagatza;8.7;si;299;10;0.13;0.08;Piso;1;0;92;57;1;240270.8261
bagatza;7.35;si;299;10;0.13;0.08;Piso;2;1;81;57;0;246249.3441
bagatza;8.1;si;299;10;0.13;0.08;Piso;4;0;142;16;0;336134.8981
bagatza;7.58;si;299;10;0.13;0.08;Piso;2;1;96;27;1;262795.9759
bagatza;7.89;si;299;10;0.13;0.08;Piso;1;1;67;15;1;192966.4251
bagatza;8.76;si;299;10;0.13;0.08;Piso;4;0;103;56;0;232738.4848
bagatza;7.45;si;299;10;0.13;0.08;Piso;4;1;148;7;1;322073.9455
bagatza;8.83;si;299;10;0.13;0.08;Piso;1;0;50;48;0;182895.4807
bagatza;7.88;si;299;10;0.13;0.08;Piso;1;0;75;3;0;229092.5419
bagatza;8.72;si;299;10;0.13;0.08;Piso;3;1;121;53;1;261089.8712
bagatza;8.03;si;299;10;0.13;0.08;Piso;2;1;71;40;0;227555.6128
bagatza;8.65;si;299;10;0.13;0.08;Piso;4;1;121;57;1;279482.8246
bagatza;7;si;299;10;0.13;0.08;Piso;3;0;119;2;1;271457.4343
bagatza;8.15;si;299;10;0.13;0.08;Piso;2;1;82;50;1;224047.8353
bagatza;8.46;si;299;10;0.13;0.08;Piso;4;0;146;52;1;308467.2004
bagatza;7.09;si;299;10;0.13;0.08;Piso;2;1;106;10;1;245144.1444
bagatza;8.71;si;299;10;0.13;0.08;Piso;1;0;73;35;0;222434.1634
bagatza;7.84;si;299;10;0.13;0.08;Piso;2;0;146;56;1;326918.2074
Retuerto;8.06;no;243;11;0.15;0.07;Piso;1;1;97;7;0;189245.3475
Retuerto;9.78;no;243;11;0.15;0.07;Piso;1;0;95;56;1;181325.4152
Retuerto;9.98;no;243;11;0.15;0.07;Piso;1;0;60;38;1;148386.8869
Retuerto;8.46;no;243;11;0.15;0.07;Piso;2;1;118;41;0;201107.3122
Retuerto;8.95;no;243;11;0.15;0.07;Piso;1;0;53;45;0;134962.0988
Retuerto;9.68;no;243;11;0.15;0.07;Piso;2;1;84;36;1;161899.1926
Retuerto;8.22;no;243;11;0.15;0.07;Piso;4;1;109;35;1;224815.3343
Retuerto;9.86;no;243;11;0.15;0.07;Piso;1;1;96;51;0;170610.3646
Retuerto;8.9;no;243;11;0.15;0.07;Piso;4;0;123;12;0;210589.8583
Retuerto;9.74;no;243;11;0.15;0.07;Piso;1;1;69;4;0;151755.4718
Retuerto;8.5;no;243;11;0.15;0.07;Piso;3;0;135;8;0;237876.9962
Retuerto;9.32;no;243;11;0.15;0.07;Piso;3;0;140;12;0;243776.797
Retuerto;9.6;no;243;11;0.15;0.07;Piso;4;1;105;52;1;194935.127
Retuerto;8.85;no;243;11;0.15;0.07;Piso;3;0;105;44;1;190730.3082
Retuerto;8.02;no;243;11;0.15;0.07;Piso;2;1;62;51;0;144194.7656
Retuerto;9.5;no;243;11;0.15;0.07;Piso;4;0;140;36;1;252642.3505
Retuerto;8.86;no;243;11;0.15;0.07;Piso;2;0;128;55;0;242741.3349
Retuerto;8.95;no;243;11;0.15;0.07;Piso;2;0;58;53;0;139087.4631
Retuerto;8.22;no;243;11;0.15;0.07;Piso;4;0;117;2;0;214128.0339
Retuerto;9.12;no;243;11;0.15;0.07;Piso;2;1;92;30;0;198024.6395
Retuerto;8.42;no;243;11;0.15;0.07;Piso;2;1;103;20;0;202821.6926
Retuerto;8.84;no;243;11;0.15;0.07;Piso;3;1;101;4;1;217178.2116
Retuerto;9.2;no;243;11;0.15;0.07;Piso;3;1;107;27;0;183370.1787
Retuerto;8.08;no;243;11;0.15;0.07;Piso;1;1;52;22;1;150069.1903
Retuerto;8.38;no;243;11;0.15;0.07;Piso;2;0;68;31;1;144087.1486
Retuerto;9.22;no;243;11;0.15;0.07;Piso;1;1;85;18;1;162463.0842
Retuerto;9.63;no;243;11;0.15;0.07;Piso;2;1;74;31;0;167827.1458
Retuerto;8.96;no;243;11;0.15;0.07;Piso;2;0;87;36;0;161061.5767
Retuerto;8.79;no;243;11;0.15;0.07;Piso;2;1;64;23;1;149669.0497
Retuerto;9.86;no;243;11;0.15;0.07;Piso;3;1;102;15;1;194037.5289
Retuerto;9.03;no;243;11;0.15;0.07;Piso;2;0;125;23;0;225328.3095
Retuerto;8.39;no;243;11;0.15;0.07;Piso;1;0;51;8;0;126526.435
Retuerto;9.23;no;243;11;0.15;0.07;Piso;3;1;148;26;1;254726.1269
Retuerto;9.99;no;243;11;0.15;0.07;Piso;1;1;97;27;0;180415.6879
Retuerto;8.14;no;243;11;0.15;0.07;Piso;2;1;50;26;1;129366.2275
Retuerto;9.83;no;243;11;0.15;0.07;Piso;2;0;109;13;0;203220.9558
Retuerto;8.81;no;243;11;0.15;0.07;Piso;2;0;61;59;1;136513.1758
Retuerto;8.32;no;243;11;0.15;0.07;Piso;1;1;86;30;0;165430.2228
Basauri;6.77;no;429;13;0.11;0.02;Piso;2;0;57;58;1;228642.5592
Basauri;6.3;no;429;13;0.11;0.02;Piso;2;1;129;15;1;335279.89
Basauri;6.71;no;429;13;0.11;0.02;Piso;1;0;79;17;0;256697.6069
Basauri;6.51;no;429;13;0.11;0.02;Piso;4;0;113;28;0;308662.0974
Basauri;5.19;no;429;13;0.11;0.02;Piso;2;1;51;56;0;217284.5811
Basauri;4.79;no;429;13;0.11;0.02;Piso;2;1;89;30;1;279822.5782
Basauri;4.81;no;429;13;0.11;0.02;Piso;1;0;56;29;1;223633.259
Basauri;6.04;no;429;13;0.11;0.02;Piso;3;0;111;40;0;301218.94
Basauri;6.97;no;429;13;0.11;0.02;Piso;1;1;53;57;1;232171.0924
Basauri;6.2;no;429;13;0.11;0.02;Piso;2;1;60;49;0;241657.3627
Basauri;4.33;no;429;13;0.11;0.02;Piso;4;1;127;29;1;320876.9336
Basauri;5.91;no;429;13;0.11;0.02;Piso;1;0;81;55;1;260375.7657
Basauri;4.98;no;429;13;0.11;0.02;Piso;2;1;110;26;0;303893.0562
Basauri;4.76;no;429;13;0.11;0.02;Piso;3;0;127;59;0;318521.4702
Basauri;6.76;no;429;13;0.11;0.02;Piso;2;0;145;26;0;360309.6831
Basauri;6.35;no;429;13;0.11;0.02;Piso;2;1;63;8;0;233363.8959
Basauri;4.81;no;429;13;0.11;0.02;Piso;2;0;88;24;0;276712.4399
Basauri;5.66;no;429;13;0.11;0.02;Piso;2;1;56;3;1;231341.344
Basauri;6.66;no;429;13;0.11;0.02;Piso;1;0;87;43;0;274594.2914
Basauri;6.34;no;429;13;0.11;0.02;Piso;4;1;129;13;1;332303.7863
Basauri;5.53;no;429;13;0.11;0.02;Piso;3;1;141;11;0;347032.0372
Basauri;6.24;no;429;13;0.11;0.02;Piso;1;1;69;11;1;254718.2373
Basauri;4.41;no;429;13;0.11;0.02;Piso;4;0;106;39;1;296177.7422
Basauri;6.26;no;429;13;0.11;0.02;Piso;2;0;100;50;0;285686.9137
Basauri;6.86;no;429;13;0.11;0.02;Piso;2;0;58;8;0;226033.9973
Basauri;4.48;no;429;13;0.11;0.02;Piso;3;0;134;23;1;342208.1294
Basauri;4.38;no;429;13;0.11;0.02;Piso;2;1;79;22;1;259073.3275
Basauri;5.17;no;429;13;0.11;0.02;Piso;4;1;130;17;1;329275.0893
Basauri;5.45;no;429;13;0.11;0.02;Piso;1;1;100;52;0;297121.9137
Basauri;7;no;429;13;0.11;0.02;Piso;1;0;55;20;0;227277.0771
Basauri;4.69;no;429;13;0.11;0.02;Piso;2;1;82;13;1;263150.0962
Basauri;4.06;no;429;13;0.11;0.02;Piso;1;1;75;21;0;251994.0924
Basauri;6.77;no;429;13;0.11;0.02;Piso;4;0;139;11;0;348814.7717
Basauri;4.54;no;429;13;0.11;0.02;Piso;4;0;109;10;0;295297.828
Basauri;6.89;no;429;13;0.11;0.02;Piso;4;0;123;41;1;323353.5815
Basauri;4.36;no;429;13;0.11;0.02;Piso;2;1;119;32;0;320368.0469
Arenal;0.94;si;148;50;0.05;0.020027064;Piso;2;0;95;35;0;266271.7016
Arenal;0.96;si;148;50;0.05;0.020027064;Piso;3;1;149;45;1;376921.1211
Arenal;1.02;si;148;50;0.05;0.020027064;Piso;2;1;144;32;1;362306.9587
Arenal;0.91;si;148;50;0.05;0.020027064;Piso;3;1;146;56;0;348168.7117
Arenal;1.04;si;148;50;0.05;0.020027064;Piso;2;0;123;24;0;305899.7007
Arenal;1.1;si;148;50;0.05;0.020027064;Piso;1;1;86;57;1;251121.461
Arenal;0.93;si;148;50;0.05;0.020027064;Piso;2;0;101;6;0;280764.4792
Arenal;0.91;si;148;50;0.05;0.020027064;Piso;3;1;129;23;1;323597.5632
Arenal;1.08;si;148;50;0.05;0.020027064;Piso;2;1;51;36;0;180025.6979
Arenal;0.9;si;148;50;0.05;0.020027064;Piso;2;1;71;49;1;222032.8878
Arenal;0.98;si;148;50;0.05;0.020027064;Piso;1;1;58;39;1;192824.4496
Arenal;1.01;si;148;50;0.05;0.020027064;Piso;1;0;76;33;1;229207.6991
Arenal;0.94;si;148;50;0.05;0.020027064;Piso;1;1;64;37;1;213575.6538
Arenal;0.98;si;148;50;0.05;0.020027064;Piso;4;1;126;25;0;321689.4885
Arenal;1.04;si;148;50;0.05;0.020027064;Piso;2;0;76;53;1;232887.2166
Arenal;0.9;si;148;50;0.05;0.020027064;Piso;2;0;108;59;0;279532.8856
Arenal;0.9;si;148;50;0.05;0.020027064;Piso;3;1;147;51;1;364428.5099
Arenal;0.91;si;148;50;0.05;0.020027064;Piso;3;0;149;17;1;367215.6419
Arenal;1.08;si;148;50;0.05;0.020027064;Piso;2;1;86;15;1;246034.4941
Arenal;1.07;si;148;50;0.05;0.020027064;Piso;3;0;135;10;0;327964.8388
Arenal;0.96;si;148;50;0.05;0.020027064;Piso;1;0;77;21;0;238109.2402
Arenal;1.06;si;148;50;0.05;0.020027064;Piso;1;1;91;54;0;258898.9562
Arenal;0.98;si;148;50;0.05;0.020027064;Piso;3;0;110;20;1;295953.726
Arenal;0.97;si;148;50;0.05;0.020027064;Piso;3;1;131;10;0;329893.4129
Arenal;0.91;si;148;50;0.05;0.020027064;Piso;4;1;144;25;0;354196.8888
Arenal;1.05;si;148;50;0.05;0.020027064;Piso;4;1;116;10;0;307403.6466
Arenal;0.95;si;148;50;0.05;0.020027064;Piso;2;1;146;44;0;347274.7817
Arenal;1.05;si;148;50;0.05;0.020027064;Piso;2;0;135;12;0;339335.8216
Arenal;1.09;si;148;50;0.05;0.020027064;Piso;1;0;89;11;0;257486.5582
Arenal;1.06;si;148;50;0.05;0.020027064;Piso;1;1;74;52;0;227857.9316
Arenal;1;si;148;50;0.05;0.020027064;Piso;2;1;122;19;0;324116.7911
Arenal;0.97;si;148;50;0.05;0.020027064;Piso;3;0;103;36;0;271591.8987
Arenal;1.1;si;148;50;0.05;0.020027064;Piso;2;1;57;14;0;193018.8584
Arenal;0.99;si;148;50;0.05;0.020027064;Piso;1;0;73;8;1;221201.9566
Arenal;0.95;si;148;50;0.05;0.020027064;Piso;4;0;123;14;0;315432.5441
uretamendi;7.08;no;155;36;0.15;0.02097429;Piso;1;1;74;10;0;119503.3155
uretamendi;7.44;no;155;36;0.15;0.02097429;Piso;1;1;72;54;0;121850.042
uretamendi;7.9;no;155;36;0.15;0.02097429;Piso;3;0;125;2;0;188721.5033
uretamendi;7.02;no;155;36;0.15;0.02097429;Piso;2;1;78;56;1;131465.9893
uretamendi;7.42;no;155;36;0.15;0.02097429;Piso;3;0;106;20;1;165838.394
uretamendi;7.69;no;155;36;0.15;0.02097429;Piso;3;0;110;59;1;161411.7544
uretamendi;7.1;no;155;36;0.15;0.02097429;Piso;4;1;127;55;0;162838.8193
uretamendi;7.39;no;155;36;0.15;0.02097429;Piso;3;0;143;45;1;177298.8327
uretamendi;7.37;no;155;36;0.15;0.02097429;Piso;2;1;74;45;0;115489.3663
uretamendi;7.51;no;155;36;0.15;0.02097429;Piso;4;1;127;17;1;169967.4006
uretamendi;7.49;no;155;36;0.15;0.02097429;Piso;4;1;109;23;1;161432.6855
uretamendi;7.4;no;155;36;0.15;0.02097429;Piso;2;0;104;3;0;146075.7845
uretamendi;7.13;no;155;36;0.15;0.02097429;Piso;4;0;108;40;1;148486.385
uretamendi;7.88;no;155;36;0.15;0.02097429;Piso;4;0;134;22;0;172131.6205
uretamendi;7.61;no;155;36;0.15;0.02097429;Piso;2;1;128;50;1;185971.2056
uretamendi;7.98;no;155;36;0.15;0.02097429;Piso;2;0;66;54;1;108230.3393
uretamendi;7.07;no;155;36;0.15;0.02097429;Piso;3;0;145;52;1;196696.3531
uretamendi;7.31;no;155;36;0.15;0.02097429;Piso;2;1;61;48;1;116025.2656
uretamendi;7.46;no;155;36;0.15;0.02097429;Piso;2;0;149;31;1;200232.3383
uretamendi;7.19;no;155;36;0.15;0.02097429;Piso;3;1;143;28;1;184739.2794
uretamendi;7.64;no;155;36;0.15;0.02097429;Piso;1;1;71;19;1;119451.1065
uretamendi;7.36;no;155;36;0.15;0.02097429;Piso;3;1;121;29;0;153805.7849
uretamendi;7.3;no;155;36;0.15;0.02097429;Piso;3;0;122;47;1;161119.0069
uretamendi;7.02;no;155;36;0.15;0.02097429;Piso;1;1;66;24;0;109616.8416
uretamendi;7.2;no;155;36;0.15;0.02097429;Piso;1;0;58;7;1;98434.70934
uretamendi;7.51;no;155;36;0.15;0.02097429;Piso;1;0;63;22;1;109012.5867
uretamendi;7.18;no;155;36;0.15;0.02097429;Piso;3;1;149;54;1;208418.0996
uretamendi;7.06;no;155;36;0.15;0.02097429;Piso;3;0;150;56;1;187325.6962
uretamendi;7.99;no;155;36;0.15;0.02097429;Piso;4;0;121;57;0;169171.1348
uretamendi;7.26;no;155;36;0.15;0.02097429;Piso;1;0;66;3;0;107284.2474
uretamendi;7.01;no;155;36;0.15;0.02097429;Piso;2;0;75;38;1;118907.4065
uretamendi;7.21;no;155;36;0.15;0.02097429;Piso;1;1;54;54;1;100732.2967
uretamendi;7.78;no;155;36;0.15;0.02097429;Piso;3;1;117;41;0;159209.1615
otxarkoaga;4.62;no;350;90;0.08;0.027361299;Piso;2;1;100;16;0;213347.9055
otxarkoaga;4.48;no;350;90;0.08;0.027361299;Piso;3;0;133;36;0;268604.0887
otxarkoaga;4.7;no;350;90;0.08;0.027361299;Piso;4;0;146;52;1;293560.0488
otxarkoaga;4.42;no;350;90;0.08;0.027361299;Piso;2;0;135;44;0;261387.179
otxarkoaga;4.5;no;350;90;0.08;0.027361299;Piso;4;1;107;57;1;249902.2949
otxarkoaga;5.11;no;350;90;0.08;0.027361299;Piso;1;1;92;22;0;230357.0124
otxarkoaga;4.01;no;350;90;0.08;0.027361299;Piso;2;1;100;36;1;244669.6606
otxarkoaga;4.33;no;350;90;0.08;0.027361299;Piso;2;0;107;42;1;244269.2704
otxarkoaga;5.39;no;350;90;0.08;0.027361299;Piso;1;0;51;27;1;181213.6701
otxarkoaga;4.85;no;350;90;0.08;0.027361299;Piso;4;0;108;53;0;241691.077
otxarkoaga;4.67;no;350;90;0.08;0.027361299;Piso;2;1;100;55;1;233183.1935
otxarkoaga;5.21;no;350;90;0.08;0.027361299;Piso;4;1;124;27;0;234263.1486
otxarkoaga;4.54;no;350;90;0.08;0.027361299;Piso;2;1;60;17;0;179205.5904
otxarkoaga;5.2;no;350;90;0.08;0.027361299;Piso;3;0;142;33;0;264783.9622
otxarkoaga;4.62;no;350;90;0.08;0.027361299;Piso;2;0;77;31;0;199796.1699
otxarkoaga;4.62;no;350;90;0.08;0.027361299;Piso;4;0;108;19;0;257572.3023
otxarkoaga;5.09;no;350;90;0.08;0.027361299;Piso;4;1;115;19;0;266341.4562
otxarkoaga;5.09;no;350;90;0.08;0.027361299;Piso;4;0;147;18;0;270546.8196
otxarkoaga;4.56;no;350;90;0.08;0.027361299;Piso;1;1;100;55;1;209753.4202
otxarkoaga;5.02;no;350;90;0.08;0.027361299;Piso;4;1;139;20;1;290754.4106
otxarkoaga;4.33;no;350;90;0.08;0.027361299;Piso;2;1;93;35;1;210722.7999
otxarkoaga;4.97;no;350;90;0.08;0.027361299;Piso;2;0;102;50;1;219429.576
otxarkoaga;4.11;no;350;90;0.08;0.027361299;Piso;4;1;134;5;0;275389.1908
otxarkoaga;4.18;no;350;90;0.08;0.027361299;Piso;4;1;148;29;0;295565.0244
otxarkoaga;4.13;no;350;90;0.08;0.027361299;Piso;2;0;84;31;1;197455.5141
otxarkoaga;4.4;no;350;90;0.08;0.027361299;Piso;2;0;76;52;1;206286.6643
otxarkoaga;5.33;no;350;90;0.08;0.027361299;Piso;1;1;92;60;1;220172.1318
otxarkoaga;4.93;no;350;90;0.08;0.027361299;Piso;2;1;84;54;0;218309.9999
otxarkoaga;5.31;no;350;90;0.08;0.027361299;Piso;1;1;66;18;1;204932.0774
otxarkoaga;5.06;no;350;90;0.08;0.027361299;Piso;2;0;117;4;1;230872.9125
otxarkoaga;4.69;no;350;90;0.08;0.027361299;Piso;2;1;82;37;1;209927.4363
otxarkoaga;4;no;350;90;0.08;0.027361299;Piso;2;1;145;51;0;258683.9336
otxarkoaga;4.77;no;350;90;0.08;0.027361299;Piso;2;1;100;48;1;210247.9994
otxarkoaga;4.28;no;350;90;0.08;0.027361299;Piso;1;1;58;38;1;183472.375
otxarkoaga;4.31;no;350;90;0.08;0.027361299;Piso;3;0;125;28;1;264925.5336
otxarkoaga;4.06;no;350;90;0.08;0.027361299;Piso;2;1;50;53;1;166601.2726
otxarkoaga;4.49;no;350;90;0.08;0.027361299;Piso;2;0;62;46;1;203434.5272
otxarkoaga;5.11;no;350;90;0.08;0.027361299;Piso;1;0;56;55;0;176946.4476
otxarkoaga;4.4;no;350;90;0.08;0.027361299;Piso;2;1;65;4;1;194947.7027
otxarkoaga;5.05;no;350;90;0.08;0.027361299;Piso;2;0;133;37;0;241682.2213
otxarkoaga;4.58;no;350;90;0.08;0.027361299;Piso;1;1;64;2;0;173728.4331
casco viejo;1.82;si;253;61;0.22;0.034235453;Piso;2;0;94;25;0;279113.9355
casco viejo;1.85;si;253;61;0.22;0.034235453;Piso;4;1;147;30;0;366629.3281
casco viejo;1.89;si;253;61;0.22;0.034235453;Piso;2;1;141;28;0;340780.715
casco viejo;2.01;si;253;61;0.22;0.034235453;Piso;3;0;107;50;1;297818.1294
casco viejo;1.81;si;253;61;0.22;0.034235453;Piso;3;0;142;59;0;356978.3895
casco viejo;1.97;si;253;61;0.22;0.034235453;Piso;4;1;142;51;1;369630.8998
casco viejo;2.09;si;253;61;0.22;0.034235453;Piso;2;1;97;29;0;292499.7851
casco viejo;1.91;si;253;61;0.22;0.034235453;Piso;3;0;138;13;1;351819.5143
casco viejo;2.02;si;253;61;0.22;0.034235453;Piso;2;0;117;4;0;316283.0384
casco viejo;2.1;si;253;61;0.22;0.034235453;Piso;3;0;124;59;1;315713.6709
casco viejo;2.07;si;253;61;0.22;0.034235453;Piso;4;1;121;23;0;329312.653
casco viejo;1.94;si;253;61;0.22;0.034235453;Piso;2;1;89;47;1;261833.7894
casco viejo;1.96;si;253;61;0.22;0.034235453;Piso;4;0;142;40;0;362675.1257
casco viejo;2.08;si;253;61;0.22;0.034235453;Piso;1;1;76;40;0;257013.9991
casco viejo;1.8;si;253;61;0.22;0.034235453;Piso;1;1;52;29;0;211657.7411
casco viejo;2.17;si;253;61;0.22;0.034235453;Piso;1;0;68;36;1;231196.5535
casco viejo;1.87;si;253;61;0.22;0.034235453;Piso;1;0;72;47;0;232966.2181
casco viejo;1.83;si;253;61;0.22;0.034235453;Piso;2;1;100;8;1;286874.2479
casco viejo;2.01;si;253;61;0.22;0.034235453;Piso;4;0;108;44;0;299009.3694
casco viejo;1.93;si;253;61;0.22;0.034235453;Piso;2;0;56;20;1;222293.8785
casco viejo;2.03;si;253;61;0.22;0.034235453;Piso;1;0;98;53;0;292486.2953
casco viejo;2.08;si;253;61;0.22;0.034235453;Piso;2;1;100;6;1;286897.7391
casco viejo;2.15;si;253;61;0.22;0.034235453;Piso;3;0;150;8;1;376209.875
casco viejo;2.16;si;253;61;0.22;0.034235453;Piso;1;1;85;40;0;264607.1432
casco viejo;2.18;si;253;61;0.22;0.034235453;Piso;1;0;65;55;1;229688.6059
casco viejo;2.07;si;253;61;0.22;0.034235453;Piso;4;0;102;52;0;301557.8177
casco viejo;1.96;si;253;61;0.22;0.034235453;Piso;2;0;57;4;1;215075.1676
casco viejo;2.1;si;253;61;0.22;0.034235453;Piso;2;1;102;48;1;297943.1947
casco viejo;1.8;si;253;61;0.22;0.034235453;Piso;2;0;111;40;1;299177.2898
casco viejo;2.19;si;253;61;0.22;0.034235453;Piso;3;1;143;27;1;370456.4337
casco viejo;2.14;si;253;61;0.22;0.034235453;Piso;1;0;79;4;1;245139.4178
casco viejo;2.03;si;253;61;0.22;0.034235453;Piso;3;1;128;44;1;322656.6665
casco viejo;2.06;si;253;61;0.22;0.034235453;Piso;2;1;117;28;0;321164.1276
casco viejo;1.87;si;253;61;0.22;0.034235453;Piso;2;0;150;39;0;369026.7416
casco viejo;1.99;si;253;61;0.22;0.034235453;Piso;1;0;93;14;1;277928.4456
casco viejo;1.87;si;253;61;0.22;0.034235453;Piso;1;0;52;7;1;203461.6437
casco viejo;2.1;si;253;61;0.22;0.034235453;Piso;1;1;72;21;0;233744.0946
casco viejo;1.95;si;253;61;0.22;0.034235453;Piso;1;1;63;4;1;237093.1577
casco viejo;1.94;si;253;61;0.22;0.034235453;Piso;2;0;85;36;1;265836.0682
santutxu;3.26;no;160;40;0.18;0.02165088;Piso;3;0;137;20;1;204622.2136
santutxu;3.76;no;160;40;0.18;0.02165088;Piso;2;0;110;31;0;168283.9347
santutxu;2.84;no;160;40;0.18;0.02165088;Piso;2;1;51;30;1;109878.6125
santutxu;2.8;no;160;40;0.18;0.02165088;Piso;1;0;64;7;1;120631.3332
santutxu;2.79;no;160;40;0.18;0.02165088;Piso;2;1;67;32;0;128210.9782
santutxu;2.77;no;160;40;0.18;0.02165088;Piso;2;0;133;8;1;196506.9875
santutxu;3.04;no;160;40;0.18;0.02165088;Piso;4;0;129;2;1;206737.3426
santutxu;3.19;no;160;40;0.18;0.02165088;Piso;3;0;111;46;0;187425.2156
santutxu;3.58;no;160;40;0.18;0.02165088;Piso;2;1;56;14;0;118281.2037
santutxu;3.78;no;160;40;0.18;0.02165088;Piso;2;0;79;50;0;147626.346
santutxu;2.68;no;160;40;0.18;0.02165088;Piso;1;0;94;38;0;166710.3504
santutxu;2.64;no;160;40;0.18;0.02165088;Piso;2;0;136;20;0;192101.081
santutxu;2.86;no;160;40;0.18;0.02165088;Piso;4;1;148;10;1;224888.7736
santutxu;3.52;no;160;40;0.18;0.02165088;Piso;2;0;140;57;1;203834.9764
santutxu;3.07;no;160;40;0.18;0.02165088;Piso;4;1;121;11;1;194742.4916
santutxu;2.64;no;160;40;0.18;0.02165088;Piso;4;1;126;53;1;203507.2696
santutxu;2.7;no;160;40;0.18;0.02165088;Piso;2;1;95;36;0;166373.961
santutxu;3.48;no;160;40;0.18;0.02165088;Piso;4;0;148;16;1;224282.0061
santutxu;3.1;no;160;40;0.18;0.02165088;Piso;3;1;119;22;1;182627.4263
santutxu;2.6;no;160;40;0.18;0.02165088;Piso;2;0;61;9;1;124107.2833
santutxu;3.11;no;160;40;0.18;0.02165088;Piso;3;0;113;18;0;174935.6964
santutxu;3.08;no;160;40;0.18;0.02165088;Piso;1;0;73;48;1;132163.3717
santutxu;2.89;no;160;40;0.18;0.02165088;Piso;1;0;50;44;1;104092.1899
santutxu;2.65;no;160;40;0.18;0.02165088;Piso;2;0;81;19;1;150804.5803
santutxu;3.77;no;160;40;0.18;0.02165088;Piso;2;0;150;56;1;218084.9738
santutxu;3.37;no;160;40;0.18;0.02165088;Piso;2;1;119;26;1;194428.6722
santutxu;3.68;no;160;40;0.18;0.02165088;Piso;2;0;78;57;0;148817.5697
santutxu;3.82;no;160;40;0.18;0.02165088;Piso;2;0;90;40;1;155844.6525
santutxu;2.8;no;160;40;0.18;0.02165088;Piso;1;0;71;9;0;124939.554
santutxu;2.69;no;160;40;0.18;0.02165088;Piso;1;1;93;11;1;156612.8996
santutxu;2.81;no;160;40;0.18;0.02165088;Piso;4;1;122;59;1;192646.8508
santutxu;2.66;no;160;40;0.18;0.02165088;Piso;1;0;62;13;1;130754.8831
santutxu;3.21;no;160;40;0.18;0.02165088;Piso;1;1;96;18;1;167798.4038
santutxu;3.78;no;160;40;0.18;0.02165088;Piso;3;1;140;56;1;211837.5307
santutxu;3.03;no;160;40;0.18;0.02165088;Piso;4;1;107;26;0;166739.5158
santutxu;3.79;no;160;40;0.18;0.02165088;Piso;2;1;99;6;1;169120.636
santutxu;3.47;no;160;40;0.18;0.02165088;Piso;2;0;84;43;1;146815.5385
santutxu;3.72;no;160;40;0.18;0.02165088;Piso;1;0;71;50;1;138839.0557
santutxu;3.98;no;160;40;0.18;0.02165088;Piso;2;1;131;35;0;190723.2111
santutxu;3.65;no;160;40;0.18;0.02165088;Piso;2;1;76;24;1;136414.5038
santutxu;2.54;no;160;40;0.18;0.02165088;Piso;1;1;60;37;1;114880.7285
santutxu;2.9;no;160;40;0.18;0.02165088;Piso;3;1;143;25;0;224890.0213
santutxu;2.51;no;160;40;0.18;0.02165088;Piso;1;1;94;8;1;149841.3256
santutxu;3.39;no;160;40;0.18;0.02165088;Piso;3;1;103;4;1;165791.0202
santutxu;2.59;no;160;40;0.18;0.02165088;Piso;2;0;95;18;1;166685.5455
uribarri;3.14;si;200;46;0.1;0.027063599;Piso;2;1;126;13;1;167156.7409
uribarri;3.17;si;200;46;0.1;0.027063599;Piso;4;0;104;15;0;118055.4469
uribarri;2.93;si;200;46;0.1;0.027063599;Piso;3;0;104;31;1;140383.6694
uribarri;3.08;si;200;46;0.1;0.027063599;Piso;4;0;143;57;1;136889.1866
uribarri;3.15;si;200;46;0.1;0.027063599;Piso;2;1;87;4;0;132290.7493
uribarri;3.16;si;200;46;0.1;0.027063599;Piso;1;0;51;22;0;82166.3108
uribarri;2.81;si;200;46;0.1;0.027063599;Piso;2;0;121;37;1;146062.8339
uribarri;3.05;si;200;46;0.1;0.027063599;Piso;4;1;120;41;0;133702.9128
uribarri;2.8;si;200;46;0.1;0.027063599;Piso;1;0;93;54;1;133776.5341
uribarri;2.8;si;200;46;0.1;0.027063599;Piso;3;0;102;52;0;130812.4545
uribarri;3.16;si;200;46;0.1;0.027063599;Piso;2;1;143;18;1;145681.7559
uribarri;3.03;si;200;46;0.1;0.027063599;Piso;3;1;101;50;1;123727.458
uribarri;3.14;si;200;46;0.1;0.027063599;Piso;1;1;95;31;0;131809.8989
uribarri;2.89;si;200;46;0.1;0.027063599;Piso;4;0;138;33;0;155288.0285
uribarri;2.87;si;200;46;0.1;0.027063599;Piso;2;1;130;46;0;169986.9109
uribarri;3.15;si;200;46;0.1;0.027063599;Piso;2;0;52;37;0;88290.63871
uribarri;2.86;si;200;46;0.1;0.027063599;Piso;4;0;117;32;0;123219.9284
uribarri;3.17;si;200;46;0.1;0.027063599;Piso;3;0;129;13;0;164907.6759
uribarri;3.02;si;200;46;0.1;0.027063599;Piso;2;1;126;45;1;125342.5667
uribarri;3.03;si;200;46;0.1;0.027063599;Piso;4;1;129;60;0;169979.5152
uribarri;2.93;si;200;46;0.1;0.027063599;Piso;4;1;108;21;0;140158.2402
uribarri;2.95;si;200;46;0.1;0.027063599;Piso;1;1;70;18;0;90494.54196
uribarri;3.07;si;200;46;0.1;0.027063599;Piso;2;0;56;34;0;83541.58479
uribarri;3;si;200;46;0.1;0.027063599;Piso;2;0;132;52;1;167662.8853
uribarri;3.07;si;200;46;0.1;0.027063599;Piso;4;1;149;8;1;174186.814
uribarri;2.96;si;200;46;0.1;0.027063599;Piso;2;0;66;60;1;102493.1091
uribarri;3.1;si;200;46;0.1;0.027063599;Piso;2;0;94;11;1;107389.3287
uribarri;3.03;si;200;46;0.1;0.027063599;Piso;1;0;83;60;0;114965.5637
uribarri;3.03;si;200;46;0.1;0.027063599;Piso;2;0;50;14;0;89258.09229
uribarri;2.91;si;200;46;0.1;0.027063599;Piso;2;0;122;9;0;158500.7216
uribarri;3.07;si;200;46;0.1;0.027063599;Piso;2;1;82;18;1;128424.2359
abando;0.6;si;133;50;0.05;0.017997294;Piso;1;0;51;44;0;159084.4331
abando;0.6;si;133;50;0.05;0.017997294;Piso;2;1;77;52;0;214011.0917
abando;0.66;si;133;50;0.05;0.017997294;Piso;4;0;104;36;0;231014.7349
abando;0.54;si;133;50;0.05;0.017997294;Piso;1;1;85;54;1;190205.5162
abando;0.53;si;133;50;0.05;0.017997294;Piso;1;1;68;26;0;167393.1563
abando;0.6;si;133;50;0.05;0.017997294;Piso;4;1;117;7;0;251696.2528
abando;0.64;si;133;50;0.05;0.017997294;Piso;4;0;130;60;0;294008.754
abando;0.54;si;133;50;0.05;0.017997294;Piso;3;1;103;20;0;226321.5546
abando;0.5;si;133;50;0.05;0.017997294;Piso;1;1;54;37;0;169380.7376
abando;0.7;si;133;50;0.05;0.017997294;Piso;4;1;117;50;0;269688.1984
abando;0.68;si;133;50;0.05;0.017997294;Piso;2;0;119;51;0;255896.1814
abando;0.59;si;133;50;0.05;0.017997294;Piso;2;0;80;34;0;198732.9262
abando;0.55;si;133;50;0.05;0.017997294;Piso;2;1;126;20;1;287967.9728
abando;0.56;si;133;50;0.05;0.017997294;Piso;4;1;144;11;0;309634.5661
abando;0.5;si;133;50;0.05;0.017997294;Piso;1;0;59;32;0;160615.6881
abando;0.52;si;133;50;0.05;0.017997294;Piso;4;0;122;21;1;267180.8531
abando;0.56;si;133;50;0.05;0.017997294;Piso;1;1;96;43;1;253436.2496
abando;0.55;si;133;50;0.05;0.017997294;Piso;2;0;120;45;1;291993.0563
abando;0.51;si;133;50;0.05;0.017997294;Piso;1;1;81;20;1;224309.2254
abando;0.65;si;133;50;0.05;0.017997294;Piso;2;1;111;29;1;228005.6008
abando;0.64;si;133;50;0.05;0.017997294;Piso;2;0;128;57;0;289059.8395
abando;0.68;si;133;50;0.05;0.017997294;Piso;2;1;60;30;0;153977.6034
abando;0.58;si;133;50;0.05;0.017997294;Piso;2;1;119;14;0;275168.1975
abando;0.61;si;133;50;0.05;0.017997294;Piso;1;0;83;34;0;216884.974
abando;0.68;si;133;50;0.05;0.017997294;Piso;2;0;66;47;1;197988.7943
abando;0.58;si;133;50;0.05;0.017997294;Piso;2;1;63;6;0;190201.4969
abando;0.63;si;133;50;0.05;0.017997294;Piso;2;0;133;11;0;257756.0784
abando;0.6;si;133;50;0.05;0.017997294;Piso;3;1;149;46;1;339711.3199
abando;0.65;si;133;50;0.05;0.017997294;Piso;2;1;62;52;0;159259.7699
Abandoibarra;0.61;si;199;70;0.12;0.026928281;Piso;2;0;77;54;1;212713.9186
Abandoibarra;0.51;si;199;70;0.12;0.026928281;Piso;3;1;140;43;0;318523.613
Abandoibarra;0.51;si;199;70;0.12;0.026928281;Piso;2;1;55;4;1;176353.6336
Abandoibarra;0.63;si;199;70;0.12;0.026928281;Piso;2;0;86;54;1;218921.7232
Abandoibarra;0.66;si;199;70;0.12;0.026928281;Piso;1;0;64;23;1;181391.35
Abandoibarra;0.57;si;199;70;0.12;0.026928281;Piso;2;1;81;60;1;202674.9604
Abandoibarra;0.58;si;199;70;0.12;0.026928281;Piso;2;0;114;29;0;265397.0837
Abandoibarra;0.61;si;199;70;0.12;0.026928281;Piso;2;1;129;51;1;288945.1048
Abandoibarra;0.67;si;199;70;0.12;0.026928281;Piso;1;1;85;43;1;217485.3688
Abandoibarra;0.6;si;199;70;0.12;0.026928281;Piso;2;1;112;23;0;263208.0178
Abandoibarra;0.55;si;199;70;0.12;0.026928281;Piso;4;0;104;24;0;252371.0449
Abandoibarra;0.64;si;199;70;0.12;0.026928281;Piso;3;0;130;47;0;306814.2717
Abandoibarra;0.62;si;199;70;0.12;0.026928281;Piso;2;1;85;13;0;227415.1794
Abandoibarra;0.7;si;199;70;0.12;0.026928281;Piso;3;1;117;13;1;288731.9809
Abandoibarra;0.61;si;199;70;0.12;0.026928281;Piso;3;0;147;5;0;314188.5519
Abandoibarra;0.64;si;199;70;0.12;0.026928281;Piso;2;1;78;33;0;204070.2275
Abandoibarra;0.68;si;199;70;0.12;0.026928281;Piso;2;0;138;53;1;310353.0722
Abandoibarra;0.64;si;199;70;0.12;0.026928281;Piso;4;1;119;22;0;249807.5977
Abandoibarra;0.62;si;199;70;0.12;0.026928281;Piso;1;1;85;49;1;203929.4348
Abandoibarra;0.68;si;199;70;0.12;0.026928281;Piso;3;1;145;14;1;312898.2792
Abandoibarra;0.5;si;199;70;0.12;0.026928281;Piso;4;0;116;38;1;279143.4287
Abandoibarra;0.52;si;199;70;0.12;0.026928281;Piso;2;0;52;5;1;179392.04
Abandoibarra;0.6;si;199;70;0.12;0.026928281;Piso;4;1;145;52;0;312549.6122
Abandoibarra;0.51;si;199;70;0.12;0.026928281;Piso;2;0;118;20;1;288905.7867
Abandoibarra;0.55;si;199;70;0.12;0.026928281;Piso;4;0;131;56;0;282714.2947
Abandoibarra;0.52;si;199;70;0.12;0.026928281;Piso;1;1;75;8;1;190935.3381
Abandoibarra;0.7;si;199;70;0.12;0.026928281;Piso;1;1;83;53;0;226935.3579
Abandoibarra;0.58;si;199;70;0.12;0.026928281;Piso;3;1;142;35;0;288862.3647
Abandoibarra;0.56;si;199;70;0.12;0.026928281;Piso;2;1;123;45;0;296121.3014
Abandoibarra;0.61;si;199;70;0.12;0.026928281;Piso;1;0;72;52;0;209810.594
Indautxu;0.98;si;250;73;0.08;0.033829499;Piso;1;1;60;54;0;271933.2835
Indautxu;1.15;si;250;73;0.08;0.033829499;Piso;1;1;71;43;0;272720.3948
Indautxu;1.17;si;250;73;0.08;0.033829499;Piso;1;0;84;48;1;321930.1122
Indautxu;1.13;si;250;73;0.08;0.033829499;Piso;2;0;111;16;0;373793.2555
Indautxu;1.05;si;250;73;0.08;0.033829499;Piso;2;0;113;13;1;370553.3127
Indautxu;1.17;si;250;73;0.08;0.033829499;Piso;2;1;102;14;0;361396.208
Indautxu;1.1;si;250;73;0.08;0.033829499;Piso;4;1;148;30;1;383310.1593
Indautxu;1.04;si;250;73;0.08;0.033829499;Piso;1;1;63;4;1;263356.5781
Indautxu;0.97;si;250;73;0.08;0.033829499;Piso;2;0;51;4;1;238791.8254
Indautxu;0.95;si;250;73;0.08;0.033829499;Piso;2;1;101;20;1;336636.9276
Indautxu;1.18;si;250;73;0.08;0.033829499;Piso;2;0;51;43;1;244293.6396
Indautxu;1.2;si;250;73;0.08;0.033829499;Piso;4;1;126;46;1;416357.4738
Indautxu;1.17;si;250;73;0.08;0.033829499;Piso;1;1;55;27;1;248588.2554
Indautxu;0.98;si;250;73;0.08;0.033829499;Piso;1;0;95;21;0;310812.0067
Indautxu;0.95;si;250;73;0.08;0.033829499;Piso;3;1;117;43;1;366729.3015
Indautxu;0.92;si;250;73;0.08;0.033829499;Piso;2;1;85;8;0;302481.0166
Indautxu;1.07;si;250;73;0.08;0.033829499;Piso;4;1;132;11;1;414110.6311
Indautxu;0.95;si;250;73;0.08;0.033829499;Piso;1;1;92;15;0;287298.1199
Indautxu;0.94;si;250;73;0.08;0.033829499;Piso;1;1;77;6;1;285027.1083
Indautxu;1.14;si;250;73;0.08;0.033829499;Piso;1;1;88;53;0;280566.6005
Indautxu;0.99;si;250;73;0.08;0.033829499;Piso;1;1;83;46;1;310094.1419
Indautxu;1.12;si;250;73;0.08;0.033829499;Piso;1;0;81;10;0;293339.6528
Indautxu;1.19;si;250;73;0.08;0.033829499;Piso;1;1;70;7;0;301205.8004
Indautxu;0.91;si;250;73;0.08;0.033829499;Piso;2;0;135;53;1;383408.5921
Indautxu;0.99;si;250;73;0.08;0.033829499;Piso;3;1;104;37;0;325144.5365
Indautxu;1.17;si;250;73;0.08;0.033829499;Piso;1;1;67;9;0;275544.0503
Indautxu;1;si;250;73;0.08;0.033829499;Piso;4;0;110;25;0;335585.0578
Indautxu;1.01;si;250;73;0.08;0.033829499;Piso;4;0;136;45;0;419302.0972
Indautxu;1.07;si;250;73;0.08;0.033829499;Piso;2;1;134;43;0;385906.3586
Indautxu;1.06;si;250;73;0.08;0.033829499;Piso;1;0;87;28;0;292973.8771
Indautxu;1.08;si;250;73;0.08;0.033829499;Piso;2;1;100;25;1;302475.3538
Indautxu;1.18;si;250;73;0.08;0.033829499;Piso;4;0;123;39;0;407955.2597
Indautxu;1.19;si;250;73;0.08;0.033829499;Piso;4;0;120;35;1;403501.0862
Indautxu;1.18;si;250;73;0.08;0.033829499;Piso;1;1;94;28;1;303381.1893
Indautxu;1.01;si;250;73;0.08;0.033829499;Piso;1;0;72;30;0;300708.5425
Indautxu;0.95;si;250;73;0.08;0.033829499;Piso;3;1;107;27;1;348488.1749
Indautxu;0.91;si;250;73;0.08;0.033829499;Piso;2;0;85;11;0;308892.8708
Indautxu;1.17;si;250;73;0.08;0.033829499;Piso;2;1;50;26;0;247867.4455
Indautxu;0.96;si;250;73;0.08;0.033829499;Piso;2;0;50;4;1;219457.9718
Indautxu;1.16;si;250;73;0.08;0.033829499;Piso;1;0;81;52;1;312531.0406
Indautxu;1.03;si;250;73;0.08;0.033829499;Piso;3;0;150;33;1;456845.1818
Indautxu;1.04;si;250;73;0.08;0.033829499;Piso;2;0;130;41;1;369873.499
Indautxu;1.18;si;250;73;0.08;0.033829499;Piso;2;1;54;40;0;267340.4821
Indautxu;0.92;si;250;73;0.08;0.033829499;Piso;1;1;61;32;1;278497.6489
Indautxu;1.04;si;250;73;0.08;0.033829499;Piso;4;0;148;32;0;406684.4969
Indautxu;0.95;si;250;73;0.08;0.033829499;Piso;2;0;110;55;0;359196.5358
Indautxu;1.14;si;250;73;0.08;0.033829499;Piso;2;0;123;57;0;369891.0251
Indautxu;1.1;si;250;73;0.08;0.033829499;Piso;3;1;101;49;1;341509.4642
Indautxu;1.04;si;250;73;0.08;0.033829499;Piso;3;0;106;44;1;358182.7404
Indautxu;0.97;si;250;73;0.08;0.033829499;Piso;3;0;135;47;0;426022.8229
Indautxu;1.12;si;250;73;0.08;0.033829499;Piso;3;1;147;38;0;450437.6374
Indautxu;1;si;250;73;0.08;0.033829499;Piso;2;0;149;10;0;437301.5827
Indautxu;0.94;si;250;73;0.08;0.033829499;Piso;2;1;148;25;0;456593.6869
Indautxu;1.07;si;250;73;0.08;0.033829499;Piso;2;1;78;15;0;300304.3465
Indautxu;0.97;si;250;73;0.08;0.033829499;Piso;1;1;53;41;0;252605.0967
Indautxu;1.17;si;250;73;0.08;0.033829499;Piso;2;0;62;21;0;275723.7663
Indautxu;1.17;si;250;73;0.08;0.033829499;Piso;3;1;128;12;0;362218.5824
Indautxu;1.03;si;250;73;0.08;0.033829499;Piso;2;1;88;43;1;301518.0521
Indautxu;0.95;si;250;73;0.08;0.033829499;Piso;2;1;53;42;1;236955.322
Indautxu;0.91;si;250;73;0.08;0.033829499;Piso;3;0;110;12;1;331864.3443
Indautxu;1.16;si;250;73;0.08;0.033829499;Piso;1;1;58;28;1;238513.8748
Indautxu;1.11;si;250;73;0.08;0.033829499;Piso;2;1;62;26;0;286230.7525
Indautxu;1.08;si;250;73;0.08;0.033829499;Piso;3;1;123;16;0;358176.2014
Indautxu;1.02;si;250;73;0.08;0.033829499;Piso;1;1;59;26;1;271464.264
Indautxu;1.04;si;250;73;0.08;0.033829499;Piso;2;1;146;24;1;388482.5626
Indautxu;0.97;si;250;73;0.08;0.033829499;Piso;2;0;83;43;1;288216.1699
Indautxu;1.11;si;250;73;0.08;0.033829499;Piso;1;1;85;42;0;290332.895
Indautxu;0.99;si;250;73;0.08;0.033829499;Piso;1;0;52;47;1;260053.9695
Indautxu;1.16;si;250;73;0.08;0.033829499;Piso;3;0;134;34;0;423994.113
Indautxu;1.05;si;250;73;0.08;0.033829499;Piso;1;1;63;10;1;256731.2176
Indautxu;1.12;si;250;73;0.08;0.033829499;Piso;2;0;101;55;1;319433.5643
Indautxu;0.9;si;250;73;0.08;0.033829499;Piso;1;0;50;53;0;237404.3136
Indautxu;1.2;si;250;73;0.08;0.033829499;Piso;3;0;138;8;1;423681.1223
Indautxu;1.16;si;250;73;0.08;0.033829499;Piso;1;1;64;58;0;269873.3509
Indautxu;0.96;si;250;73;0.08;0.033829499;Piso;2;0;72;6;0;305300.8162
Indautxu;0.91;si;250;73;0.08;0.033829499;Piso;4;0;117;55;0;356569.7825
Indautxu;1.2;si;250;73;0.08;0.033829499;Piso;2;1;135;7;0;406953.8711
Indautxu;1.03;si;250;73;0.08;0.033829499;Piso;2;0;77;13;0;308031.7822
Indautxu;1.19;si;250;73;0.08;0.033829499;Piso;2;1;136;15;0;370252.4959
Indautxu;0.93;si;250;73;0.08;0.033829499;Piso;3;0;149;41;1;419148.6204
Indautxu;0.93;si;250;73;0.08;0.033829499;Piso;2;0;98;54;0;340729.5626
Indautxu;1.02;si;250;73;0.08;0.033829499;Piso;2;0;90;45;0;310411.8977
Indautxu;1.05;si;250;73;0.08;0.033829499;Piso;1;0;60;11;1;281879.1198
Indautxu;1.08;si;250;73;0.08;0.033829499;Piso;3;1;112;39;0;321845.0846
Indautxu;1.15;si;250;73;0.08;0.033829499;Piso;4;1;130;55;1;414861.4565
Indautxu;1;si;250;73;0.08;0.033829499;Piso;2;1;137;32;0;367138.349
Indautxu;1.18;si;250;73;0.08;0.033829499;Piso;2;0;72;47;0;291433.7217
Indautxu;1.11;si;250;73;0.08;0.033829499;Piso;3;0;146;50;1;398518.4293
Indautxu;1.1;si;250;73;0.08;0.033829499;Piso;4;0;103;34;1;365766.6303
Indautxu;1.08;si;250;73;0.08;0.033829499;Piso;2;0;55;7;0;229307.3414
Indautxu;1.04;si;250;73;0.08;0.033829499;Piso;3;1;137;54;0;426038.4605
Indautxu;0.97;si;250;73;0.08;0.033829499;Piso;1;0;94;23;1;341408.2865
Indautxu;1.01;si;250;73;0.08;0.033829499;Piso;3;0;144;60;1;380073.9228
Indautxu;1.02;si;250;73;0.08;0.033829499;Piso;1;0;70;26;0;253443.1962
Indautxu;0.97;si;250;73;0.08;0.033829499;Piso;2;1;61;50;1;254020.1782
Indautxu;1.1;si;250;73;0.08;0.033829499;Piso;2;1;83;24;0;280467.8511
Indautxu;0.96;si;250;73;0.08;0.033829499;Piso;1;0;93;56;1;327868.4544
Indautxu;0.95;si;250;73;0.08;0.033829499;Piso;2;1;100;34;0;353498.3665
Indautxu;1.02;si;250;73;0.08;0.033829499;Piso;2;1;81;30;1;281985.1539
Indautxu;1.2;si;250;73;0.08;0.033829499;Piso;2;0;90;13;0;310419.5845
Indautxu;1.01;si;250;73;0.08;0.033829499;Piso;2;1;107;49;1;326588.6835
Indautxu;1.19;si;250;73;0.08;0.033829499;Piso;2;1;57;24;1;277790.5326
Indautxu;0.97;si;250;73;0.08;0.033829499;Piso;1;1;68;44;1;282055.2643
Indautxu;1.01;si;250;73;0.08;0.033829499;Piso;3;0;141;26;1;424438.5765
Indautxu;1.05;si;250;73;0.08;0.033829499;Piso;4;1;138;46;1;401049.6111
Indautxu;1.13;si;250;73;0.08;0.033829499;Piso;2;0;99;19;1;307999.0608
Indautxu;1.16;si;250;73;0.08;0.033829499;Piso;2;0;142;33;0;433751.4283
Indautxu;1.02;si;250;73;0.08;0.033829499;Piso;4;0;150;52;1;457812.5814
Indautxu;1.19;si;250;73;0.08;0.033829499;Piso;2;1;131;46;0;404005.0095
Indautxu;1.13;si;250;73;0.08;0.033829499;Piso;2;0;124;54;1;363953.9949
Indautxu;1.14;si;250;73;0.08;0.033829499;Piso;1;1;65;38;1;282881.448
Indautxu;1;si;250;73;0.08;0.033829499;Piso;2;1;102;56;0;304541.0076
Indautxu;0.92;si;250;73;0.08;0.033829499;Piso;2;0;114;21;0;340846.7719
Indautxu;1.01;si;250;73;0.08;0.033829499;Piso;3;0;132;14;1;402719.4804
Indautxu;0.96;si;250;73;0.08;0.033829499;Piso;3;1;134;33;1;378606.022
Indautxu;1.05;si;250;73;0.08;0.033829499;Piso;1;1;98;28;0;309003.2014
Indautxu;1.05;si;250;73;0.08;0.033829499;Piso;1;0;68;49;0;292839.0989
Indautxu;1.16;si;250;73;0.08;0.033829499;Piso;2;0;77;27;1;281248.3692
Indautxu;1.12;si;250;73;0.08;0.033829499;Piso;1;1;93;44;1;328740.7163
Indautxu;1.01;si;250;73;0.08;0.033829499;Piso;4;1;110;11;0;374853.3949
Indautxu;1.13;si;250;73;0.08;0.033829499;Piso;3;1;101;43;0;303675.2327
Indautxu;0.92;si;250;73;0.08;0.033829499;Piso;2;1;72;14;1;273472.7165
Indautxu;1.1;si;250;73;0.08;0.033829499;Piso;2;0;138;24;0;406680.9285
Indautxu;1.04;si;250;73;0.08;0.033829499;Piso;3;1;114;16;0;342549.675
Indautxu;0.98;si;250;73;0.08;0.033829499;Piso;2;1;53;22;0;262514.0645
Indautxu;1.12;si;250;73;0.08;0.033829499;Piso;2;0;69;38;0;269170.861
Indautxu;0.99;si;250;73;0.08;0.033829499;Piso;1;0;57;54;1;257469.5118
Indautxu;0.98;si;250;73;0.08;0.033829499;Piso;2;1;96;58;0;314291.9082
Gran via;0.86;si;312;75;0.02;0.042219215;Piso;4;0;125;51;0;448621.1994
Gran via;0.81;si;312;75;0.02;0.042219215;Piso;4;0;127;49;1;474127.0706
Gran via;0.62;si;312;75;0.02;0.042219215;Piso;1;1;54;8;1;292895.7555
Gran via;0.84;si;312;75;0.02;0.042219215;Piso;3;1;123;25;1;416745.8226
Gran via;0.89;si;312;75;0.02;0.042219215;Piso;1;1;95;60;0;382287.5268
Gran via;0.81;si;312;75;0.02;0.042219215;Piso;2;0;136;59;0;442921.8608
Gran via;0.8;si;312;75;0.02;0.042219215;Piso;3;1;116;60;0;449571.7691
Gran via;0.74;si;312;75;0.02;0.042219215;Piso;2;1;131;29;1;451113.037
Gran via;0.67;si;312;75;0.02;0.042219215;Piso;1;0;59;46;1;315155.9377
Gran via;0.85;si;312;75;0.02;0.042219215;Piso;2;0;51;19;0;295247.1079
Gran via;0.68;si;312;75;0.02;0.042219215;Piso;4;0;101;59;0;383109.0508
Gran via;0.78;si;312;75;0.02;0.042219215;Piso;2;0;125;34;1;448195.1099
Gran via;0.71;si;312;75;0.02;0.042219215;Piso;2;1;84;40;0;369687.5919
Gran via;0.86;si;312;75;0.02;0.042219215;Piso;2;1;130;50;1;433905.2394
Gran via;0.8;si;312;75;0.02;0.042219215;Piso;1;0;75;33;1;347079.4064
Gran via;0.64;si;312;75;0.02;0.042219215;Piso;1;0;63;43;0;314629.4075
Gran via;0.88;si;312;75;0.02;0.042219215;Piso;2;1;105;50;0;407567.5614
Gran via;0.78;si;312;75;0.02;0.042219215;Piso;2;0;145;53;0;508111.9663
Gran via;0.88;si;312;75;0.02;0.042219215;Piso;1;1;95;26;0;390822.3505
Gran via;0.72;si;312;75;0.02;0.042219215;Piso;1;0;96;41;0;387680.5423
Gran via;0.8;si;312;75;0.02;0.042219215;Piso;3;1;107;45;1;395930.5688
Gran via;0.78;si;312;75;0.02;0.042219215;Piso;2;1;66;11;0;329668.9481
Gran via;0.79;si;312;75;0.02;0.042219215;Piso;1;1;80;15;1;362088.6722
Gran via;0.8;si;312;75;0.02;0.042219215;Piso;1;1;99;34;1;400480.1129
Gran via;0.85;si;312;75;0.02;0.042219215;Piso;2;1;56;48;1;310992.3862
Gran via;0.89;si;312;75;0.02;0.042219215;Piso;3;1;134;28;0;476899.6729
Gran via;0.9;si;312;75;0.02;0.042219215;Piso;1;0;74;15;0;354887.1791
Gran via;0.65;si;312;75;0.02;0.042219215;Piso;2;0;145;58;1;461513.0172
Gran via;0.74;si;312;75;0.02;0.042219215;Piso;2;1;73;53;1;360280.6756
Gran via;0.81;si;312;75;0.02;0.042219215;Piso;1;0;72;23;1;337337.2734
Gran via;0.64;si;312;75;0.02;0.042219215;Piso;2;1;64;20;1;341629.8003
Gran via;0.82;si;312;75;0.02;0.042219215;Piso;2;1;105;2;0;385894.1886
Gran via;0.64;si;312;75;0.02;0.042219215;Piso;2;0;119;51;0;434807.2539
Amezola;2.05;si;220;49;0.17;0.029769959;Piso;2;0;93;16;1;203484.9638
Amezola;2.12;si;220;49;0.17;0.029769959;Piso;2;0;53;32;0;122949.142
Amezola;2.42;si;220;49;0.17;0.029769959;Piso;2;0;149;51;0;282273.3298
Amezola;2.47;si;220;49;0.17;0.029769959;Piso;2;0;146;53;0;235911.7755
Amezola;1.84;si;220;49;0.17;0.029769959;Piso;3;0;104;52;0;205524.211
Amezola;2.02;si;220;49;0.17;0.029769959;Piso;2;1;73;16;0;171844.8321
Amezola;2.42;si;220;49;0.17;0.029769959;Piso;1;0;65;32;0;149199.7769
Amezola;1.62;si;220;49;0.17;0.029769959;Piso;2;1;107;9;0;224687.7001
Amezola;2.42;si;220;49;0.17;0.029769959;Piso;3;1;144;33;0;263002.331
Amezola;1.62;si;220;49;0.17;0.029769959;Piso;4;0;135;17;0;207002.9035
Amezola;2.32;si;220;49;0.17;0.029769959;Piso;2;0;63;41;0;170655.7653
Amezola;2.18;si;220;49;0.17;0.029769959;Piso;2;1;87;26;1;175866.1061
Amezola;2.44;si;220;49;0.17;0.029769959;Piso;3;0;116;57;0;207531.2931
Amezola;2.5;si;220;49;0.17;0.029769959;Piso;2;1;115;48;1;203187.061
Amezola;2.26;si;220;49;0.17;0.029769959;Piso;1;0;69;16;1;172747.7538
Amezola;1.8;si;220;49;0.17;0.029769959;Piso;2;1;63;31;0;165544.2611
Amezola;2.45;si;220;49;0.17;0.029769959;Piso;2;1;63;30;0;136464.1413
Amezola;2.2;si;220;49;0.17;0.029769959;Piso;2;1;125;6;0;196417.5836
Amezola;1.69;si;220;49;0.17;0.029769959;Piso;1;0;55;60;0;159667.3875
Amezola;1.53;si;220;49;0.17;0.029769959;Piso;4;0;102;57;0;169811.1772
Amezola;2.39;si;220;49;0.17;0.029769959;Piso;1;0;69;25;1;154538.095
Amezola;2.22;si;220;49;0.17;0.029769959;Piso;3;1;146;11;0;260792.1221
Amezola;2.17;si;220;49;0.17;0.029769959;Piso;1;0;76;38;0;148880.3134
Amezola;1.9;si;220;49;0.17;0.029769959;Piso;1;1;66;10;0;162813.3214
Amezola;2.26;si;220;49;0.17;0.029769959;Piso;2;1;104;25;0;209318.5104
Amezola;1.53;si;220;49;0.17;0.029769959;Piso;1;1;50;41;0;130384.734
Zorroza;4.48;no;205;45;0.1;0.027740189;Piso;2;0;92;39;0;128869.0129
Zorroza;4.1;no;205;45;0.1;0.027740189;Piso;1;0;91;19;1;111538.31
Zorroza;4.84;no;205;45;0.1;0.027740189;Piso;4;0;112;20;0;143088.9486
Zorroza;5.49;no;205;45;0.1;0.027740189;Piso;3;1;119;42;0;155348.6658
Zorroza;4.29;no;205;45;0.1;0.027740189;Piso;2;1;71;51;0;124055.6293
Zorroza;4.19;no;205;45;0.1;0.027740189;Piso;2;1;82;4;1;119119.4391
Zorroza;4.15;no;205;45;0.1;0.027740189;Piso;1;0;78;37;1;109826.2511
Zorroza;4.46;no;205;45;0.1;0.027740189;Piso;2;1;68;43;0;99895.84852
Zorroza;4.46;no;205;45;0.1;0.027740189;Piso;4;1;131;5;1;195049.7247
Zorroza;5.03;no;205;45;0.1;0.027740189;Piso;3;0;101;21;1;119447.486
Zorroza;4.35;no;205;45;0.1;0.027740189;Piso;2;0;120;47;0;152051.6834
Zorroza;4.57;no;205;45;0.1;0.027740189;Piso;3;0;105;2;0;118984.4894
Zorroza;4.43;no;205;45;0.1;0.027740189;Piso;2;0;64;59;0;114869.7138
Zorroza;5.49;no;205;45;0.1;0.027740189;Piso;3;1;102;30;1;126542.612
Zorroza;4.65;no;205;45;0.1;0.027740189;Piso;2;1;120;43;0;162407.1365
Zorroza;5.45;no;205;45;0.1;0.027740189;Piso;3;0;134;56;1;139608.9404
Zorroza;4.31;no;205;45;0.1;0.027740189;Piso;3;1;103;40;1;160644.656
Zorroza;4.89;no;205;45;0.1;0.027740189;Piso;2;1;84;33;0;141323.3869
Zorroza;5.07;no;205;45;0.1;0.027740189;Piso;2;0;98;34;0;119286.8061
Zorroza;5.43;no;205;45;0.1;0.027740189;Piso;1;0;52;5;0;82987.13564
Zorroza;4.32;no;205;45;0.1;0.027740189;Piso;3;0;111;36;1;155137.2501
Zorroza;5.37;no;205;45;0.1;0.027740189;Piso;4;1;103;13;0;136216.175
Zorroza;5.36;no;205;45;0.1;0.027740189;Piso;2;1;91;20;1;140308.2107
Zorroza;5.39;no;205;45;0.1;0.027740189;Piso;4;0;127;6;0;151854.3198
Zorroza;4.34;no;205;45;0.1;0.027740189;Piso;1;1;93;52;0;101500.0612
Zorroza;5.2;no;205;45;0.1;0.027740189;Piso;2;1;128;57;1;184002.8501
Zorroza;5.01;no;205;45;0.1;0.027740189;Piso;2;0;64;11;0;126405.1326
Zorroza;5.23;no;205;45;0.1;0.027740189;Piso;1;1;53;5;1;116336.5545
Zorroza;4.74;no;205;45;0.1;0.027740189;Piso;1;0;50;10;1;98445.55338
Zorroza;4.22;no;205;45;0.1;0.027740189;Piso;4;0;135;3;0;176288.0846
Zorroza;4.82;no;205;45;0.1;0.027740189;Piso;2;0;68;60;0;116096.1053
Zorroza;5.37;no;205;45;0.1;0.027740189;Piso;2;1;70;8;1;121458.7575
Zorroza;5.06;no;205;45;0.1;0.027740189;Piso;2;1;110;58;0;119102.3264
Zorroza;4.13;no;205;45;0.1;0.027740189;Piso;1;1;93;28;0;104329.6915
Zorroza;4.99;no;205;45;0.1;0.027740189;Piso;2;0;114;49;0;134287.733
Zorroza;4.1;no;205;45;0.1;0.027740189;Piso;2;0;52;16;1;77536.86599
Zorroza;4.75;no;205;45;0.1;0.027740189;Piso;3;1;135;28;0;125775.2711
Zorroza;5.27;no;205;45;0.1;0.027740189;Piso;2;1;52;48;1;79943.82246
Zorroza;5.23;no;205;45;0.1;0.027740189;Piso;2;0;117;24;0;136566.0485
Zorroza;5.06;no;205;45;0.1;0.027740189;Piso;1;0;82;57;0;101878.7574
Zorroza;5.31;no;205;45;0.1;0.027740189;Piso;2;0;66;10;1;119740.2031
Zorroza;4.05;no;205;45;0.1;0.027740189;Piso;1;1;73;38;1;121182.6858
Zorroza;5.47;no;205;45;0.1;0.027740189;Piso;2;1;88;27;1;129342.6995
Zorroza;4.03;no;205;45;0.1;0.027740189;Piso;1;1;54;44;0;95290.78973
Zorroza;4.9;no;205;45;0.1;0.027740189;Casa;2;1;190;36;1;238573.0375
Zorroza;5.06;no;205;45;0.1;0.027740189;Casa;3;0;111;7;1;145703.5078
Zorroza;5.25;no;205;45;0.1;0.027740189;Casa;2;0;179;38;1;245328.2758
Zorroza;4.7;no;205;45;0.1;0.027740189;Casa;4;0;156;47;1;203229.6115
Zorroza;5.13;no;205;45;0.1;0.027740189;Casa;3;1;187;11;1;245362.7229
Zorroza;5.03;no;205;45;0.1;0.027740189;Casa;3;1;104;26;1;131109.7316
Zorroza;4.11;no;205;45;0.1;0.027740189;Casa;4;1;151;25;1;152267.0975
Zorroza;4.22;no;205;45;0.1;0.027740189;Casa;2;0;242;40;0;253071.4616
Zorroza;5.13;no;205;45;0.1;0.027740189;Casa;4;0;212;53;0;209129.826
Zorroza;4.94;no;205;45;0.1;0.027740189;Casa;3;1;130;47;1;137157.0652
Zorroza;4.37;no;205;45;0.1;0.027740189;Casa;4;1;131;5;1;152494.3146
Zorroza;5.12;no;205;45;0.1;0.027740189;Casa;2;0;109;12;1;159204.332
Zorroza;4.73;no;205;45;0.1;0.027740189;Casa;4;1;228;55;0;221606.5526
Zorroza;5.31;no;205;45;0.1;0.027740189;Casa;4;1;140;12;0;206814.8387
Zorroza;4.83;no;205;45;0.1;0.027740189;Casa;2;1;239;42;0;294645.7494
Zorroza;5.01;no;205;45;0.1;0.027740189;Casa;2;1;161;20;0;214794.3119
Zorroza;5.39;no;205;45;0.1;0.027740189;Casa;3;0;111;25;1;120308.9326
Zorroza;4.1;no;205;45;0.1;0.027740189;Casa;3;0;110;16;0;175565.0945
Zorroza;4.32;no;205;45;0.1;0.027740189;Casa;4;1;229;10;1;222979.7358
Zorroza;4.67;no;205;45;0.1;0.027740189;Casa;2;0;103;46;1;120516.2695
Zorroza;4.98;no;205;45;0.1;0.027740189;Casa;2;1;133;7;0;141999.2739
Zorroza;5.45;no;205;45;0.1;0.027740189;Casa;4;1;211;21;0;218707.2011
Zorroza;4.93;no;205;45;0.1;0.027740189;Casa;2;1;151;40;0;154895.9976
Zorroza;5.17;no;205;45;0.1;0.027740189;Casa;4;1;136;24;1;178070.0458
Zorroza;5.49;no;205;45;0.1;0.027740189;Casa;3;0;203;8;1;178456.8029
Zorroza;4.16;no;205;45;0.1;0.027740189;Casa;4;1;218;34;0;249734.7941
Zorroza;4.46;no;205;45;0.1;0.027740189;Casa;2;0;161;32;1;206911.1058
Zorroza;4.18;no;205;45;0.1;0.027740189;Casa;4;1;149;25;1;185676.7784
Zorroza;5.24;no;205;45;0.1;0.027740189;Casa;3;1;128;59;0;169894.6254
Deusto;2.08;si;223;55;0.06;0.030175913;Piso;4;1;150;6;1;426899.0964
Deusto;2.64;si;223;55;0.06;0.030175913;Piso;1;1;51;58;0;222137.8593
Deusto;2.84;si;223;55;0.06;0.030175913;Piso;3;1;135;3;0;336805.7131
Deusto;2.68;si;223;55;0.06;0.030175913;Piso;3;1;129;52;1;354468.9185
Deusto;2.17;si;223;55;0.06;0.030175913;Piso;2;1;76;2;1;241408.4608
Deusto;2.79;si;223;55;0.06;0.030175913;Piso;3;1;113;6;1;310172.2079
Deusto;2.55;si;223;55;0.06;0.030175913;Piso;2;0;70;59;1;227097.7775
Deusto;2.76;si;223;55;0.06;0.030175913;Piso;4;0;147;53;0;404064.8648
Deusto;2.87;si;223;55;0.06;0.030175913;Piso;2;1;72;6;1;228107.3984
Deusto;2.9;si;223;55;0.06;0.030175913;Piso;3;0;120;50;0;323801.8235
Deusto;2.91;si;223;55;0.06;0.030175913;Piso;2;0;66;11;0;261642.2313
Deusto;2.81;si;223;55;0.06;0.030175913;Piso;1;0;72;13;0;269026.7877
Deusto;2.52;si;223;55;0.06;0.030175913;Piso;4;0;106;18;0;293181.8356
Deusto;2.81;si;223;55;0.06;0.030175913;Piso;1;1;67;47;0;239235.7232
Deusto;2.71;si;223;55;0.06;0.030175913;Piso;2;1;111;49;1;297765.5061
Deusto;2.3;si;223;55;0.06;0.030175913;Piso;2;1;76;41;1;234308.5688
Deusto;2.89;si;223;55;0.06;0.030175913;Piso;1;1;76;58;1;269142.4012
Deusto;2;si;223;55;0.06;0.030175913;Piso;2;1;76;2;1;244686.8951
Deusto;2.51;si;223;55;0.06;0.030175913;Piso;1;0;64;59;1;225565.1752
Deusto;2;si;223;55;0.06;0.030175913;Piso;1;1;83;54;1;285393.9892
Deusto;2.98;si;223;55;0.06;0.030175913;Piso;2;1;128;57;1;316629.1473
Deusto;2.81;si;223;55;0.06;0.030175913;Piso;1;0;94;47;1;293851.8238
Deusto;2.38;si;223;55;0.06;0.030175913;Piso;3;0;118;12;0;324688.873
Deusto;2.61;si;223;55;0.06;0.030175913;Piso;4;0;138;24;0;387474.084
Deusto;2.61;si;223;55;0.06;0.030175913;Piso;3;1;133;19;0;391758.1843
Deusto;2.66;si;223;55;0.06;0.030175913;Piso;2;1;71;10;1;270488.026
Deusto;2.73;si;223;55;0.06;0.030175913;Piso;3;1;106;3;1;286890.4809
Deusto;2.36;si;223;55;0.06;0.030175913;Piso;2;0;50;6;1;219232.9404
Deusto;2.2;si;223;55;0.06;0.030175913;Piso;1;1;82;17;1;286956.8145
Deusto;2.69;si;223;55;0.06;0.030175913;Piso;4;0;144;55;0;379546.9236
Deusto;2.36;si;223;55;0.06;0.030175913;Piso;3;1;122;42;1;355008.87
Deusto;2.53;si;223;55;0.06;0.030175913;Piso;2;0;121;39;1;317481.6694
Deusto;2;si;223;55;0.06;0.030175913;Piso;2;0;80;15;0;271899.0387
Deusto;2.62;si;223;55;0.06;0.030175913;Piso;1;1;97;37;1;311223.1179
Deusto;2.47;si;223;55;0.06;0.030175913;Piso;2;0;79;3;0;286901.523
Deusto;2.22;si;223;55;0.06;0.030175913;Piso;4;0;150;56;1;406140.9166
Deusto;2.88;si;223;55;0.06;0.030175913;Piso;2;0;105;17;1;291102.9184
Deusto;2;si;223;55;0.06;0.030175913;Piso;1;0;93;54;1;277704.1568
Deusto;2.79;si;223;55;0.06;0.030175913;Piso;2;0;138;48;0;371814.8679
Deusto;2.83;si;223;55;0.06;0.030175913;Piso;2;1;111;29;1;317896.3447
Deusto;2.98;si;223;55;0.06;0.030175913;Piso;2;1;101;52;0;291610.9258
Deusto;2.72;si;223;55;0.06;0.030175913;Piso;4;0;129;28;0;379655.882
uribarri;6.6;no;148;34;0.16;0.020027064;Piso;1;0;75;34;1;76796.96922
uribarri;6.6;no;148;34;0.16;0.020027064;Piso;1;1;52;26;0;56826.28136
uribarri;6.6;no;148;34;0.16;0.020027064;Piso;1;1;74;32;0;82525.5096
uribarri;6.6;no;148;34;0.16;0.020027064;Piso;3;0;115;41;0;102152.0966
uribarri;6.6;no;148;34;0.16;0.020027064;Piso;2;0;80;39;1;80260.18755
uribarri;6.6;no;148;34;0.16;0.020027064;Piso;3;1;124;52;0;92686.85031
uribarri;6.6;no;148;34;0.16;0.020027064;Piso;2;1;127;26;1;110191.2452
uribarri;6.6;no;148;34;0.16;0.020027064;Piso;3;0;128;38;1;120313.9783
uribarri;6.6;no;148;34;0.16;0.020027064;Piso;3;1;105;23;0;82436.67055
uribarri;6.6;no;148;34;0.16;0.020027064;Piso;4;1;128;32;1;105079.3899
uribarri;6.6;no;148;34;0.16;0.020027064;Piso;3;1;139;4;1;124918.5513
uribarri;6.6;no;148;34;0.16;0.020027064;Piso;1;1;63;10;1;63620.86598
uribarri;6.6;no;148;34;0.16;0.020027064;Piso;1;1;76;57;1;73294.28383
uribarri;6.6;no;148;34;0.16;0.020027064;Piso;4;1;117;8;0;107063.6242
uribarri;6.6;no;148;34;0.16;0.020027064;Piso;2;0;114;10;0;86779.56185
uribarri;6.6;no;148;34;0.16;0.020027064;Piso;2;0;75;55;1;66091.42549
uribarri;6.6;no;148;34;0.16;0.020027064;Piso;2;1;61;43;0;66184.94452
uribarri;6.6;no;148;34;0.16;0.020027064;Piso;2;1;108;42;0;97741.82216
uribarri;6.6;no;148;34;0.16;0.020027064;Piso;3;1;129;53;1;127722.2711
uribarri;6.6;no;148;34;0.16;0.020027064;Piso;2;1;73;19;1;67471.89023
uribarri;6.6;no;148;34;0.16;0.020027064;Piso;2;0;89;46;0;95222.22606
uribarri;6.6;no;148;34;0.16;0.020027064;Piso;2;1;94;16;1;99631.18666
uribarri;6.6;no;148;34;0.16;0.020027064;Piso;1;1;99;8;0;89181.6451
uribarri;6.6;no;148;34;0.16;0.020027064;Piso;2;1;72;54;0;68625.66598
uribarri;6.6;no;148;34;0.16;0.020027064;Piso;2;1;138;56;1;120457.5528
uribarri;6.6;no;148;34;0.16;0.020027064;Piso;2;0;141;59;0;111458.5189
uribarri;6.6;no;148;34;0.16;0.020027064;Piso;4;0;118;44;1;119804.3552
uribarri;6.6;no;148;34;0.16;0.020027064;Piso;2;0;113;28;0;109203.7998
uribarri;6.6;no;148;34;0.16;0.020027064;Piso;3;0;119;50;1;99134.37804
uribarri;6.6;no;148;34;0.16;0.020027064;Piso;3;0;103;7;1;95120.57216
uribarri;6.6;no;148;34;0.16;0.020027064;Piso;4;1;137;22;1;133856.6279
uribarri;6.6;no;148;34;0.16;0.020027064;Piso;2;1;62;20;1;59354.31185
uribarri;6.6;no;148;34;0.16;0.020027064;Piso;1;1;68;33;1;78934.0238
uribarri;6.6;no;148;34;0.16;0.020027064;Piso;4;0;121;10;0;115392.7783
uribarri;6.6;no;148;34;0.16;0.020027064;Piso;2;0;76;40;0;68436.82641
uribarri;6.6;no;148;34;0.16;0.020027064;Piso;2;0;124;31;1;98727.60146
uribarri;6.6;no;148;34;0.16;0.020027064;Piso;3;0;118;39;0;107015.3358
uribarri;6.6;no;148;34;0.16;0.020027064;Piso;1;0;93;56;0;82649.9234
uribarri;6.6;no;148;34;0.16;0.020027064;Piso;4;1;145;22;0;125168.9651
uribarri;6.6;no;148;34;0.16;0.020027064;Piso;2;1;81;60;0;92261.08247
San Cristobal;13.82;no;34;9;0.06;0.02;Piso;3;0;144;2;0;141014.7808
San Cristobal;13.11;no;34;9;0.06;0.02;Piso;2;0;55;16;1;64496.07097
San Cristobal;12.4;no;34;9;0.06;0.02;Piso;3;0;123;13;0;134014.1751
San Cristobal;13.55;no;34;9;0.06;0.02;Piso;4;1;109;26;0;110103.5667
San Cristobal;12.73;no;34;9;0.06;0.02;Piso;2;0;115;32;1;119417.7593
San Cristobal;13.63;no;34;9;0.06;0.02;Piso;4;1;136;33;1;140475.8807
San Cristobal;13.5;no;34;9;0.06;0.02;Piso;3;0;138;56;1;149561.1923
San Cristobal;13.84;no;34;9;0.06;0.02;Piso;3;1;135;8;1;147165.2954
San Cristobal;12.64;no;34;9;0.06;0.02;Piso;2;0;123;48;0;126196.5777
San Cristobal;13.44;no;34;9;0.06;0.02;Piso;2;0;65;16;1;75432.52286
San Cristobal;13.5;no;34;9;0.06;0.02;Piso;1;0;89;9;0;92159.72
San Cristobal;12.98;no;34;9;0.06;0.02;Piso;2;1;130;60;1;139065.7511
San Cristobal;13.2;no;34;9;0.06;0.02;Piso;2;1;68;46;1;80264.4913
San Cristobal;13.95;no;34;9;0.06;0.02;Piso;1;0;81;32;1;90475.0806
San Cristobal;12.65;no;34;9;0.06;0.02;Casa;2;1;172;14;0;189156.781
San Cristobal;13.63;no;34;9;0.06;0.02;Casa;2;1;146;25;0;171005.4092
San Cristobal;12.85;no;34;9;0.06;0.02;Casa;4;1;128;25;1;138110.9505
San Cristobal;13.48;no;34;9;0.06;0.02;Casa;3;1;203;27;0;225333.122
San Cristobal;13.9;no;34;9;0.06;0.02;Casa;4;0;163;43;0;177232.0309
San Cristobal;12.01;no;34;9;0.06;0.02;Casa;3;1;165;30;1;199301.7706
San Cristobal;13.51;no;34;9;0.06;0.02;Casa;3;1;192;58;1;214616.579
San Cristobal;13.88;no;34;9;0.06;0.02;Casa;4;0;179;46;1;204513.9235
San Cristobal;12.14;no;34;9;0.06;0.02;Casa;2;1;195;50;0;227643.5012
San Cristobal;12.29;no;34;9;0.06;0.02;Casa;4;1;191;12;1;214148.2468
San Cristobal;12.39;no;34;9;0.06;0.02;Casa;4;0;245;3;0;250834.4926
San Cristobal;12.51;no;34;9;0.06;0.02;Casa;3;0;242;27;0;279262.8624
San Cristobal;12.27;no;34;9;0.06;0.02;Casa;3;0;120;56;1;126952.3744
San Cristobal;12.95;no;34;9;0.06;0.02;Casa;4;0;182;48;1;197139.5295
San Cristobal;13.66;no;34;9;0.06;0.02;Casa;3;0;173;21;0;206843.9217
San Cristobal;12.65;no;34;9;0.06;0.02;Casa;4;0;219;27;1;247007.9681
San Cristobal;13.6;no;34;9;0.06;0.02;Casa;4;0;160;9;0;177386.9003
Erandio;7.28;no;201;38;0.05;0.012;Piso;2;0;55;55;0;106331.0009
Erandio;7.71;no;201;38;0.05;0.012;Piso;3;1;144;56;0;170424.6055
Erandio;7.63;no;201;38;0.05;0.012;Piso;4;0;127;4;1;153698.525
Erandio;7.44;no;201;38;0.05;0.012;Piso;1;0;55;51;1;106560.8048
Erandio;7.61;no;201;38;0.05;0.012;Piso;1;1;52;41;0;97486.97258
Erandio;7.32;no;201;38;0.05;0.012;Piso;4;0;137;9;0;182588.8105
Erandio;7.89;no;201;38;0.05;0.012;Piso;2;0;132;33;0;170080.8342
Erandio;7.03;no;201;38;0.05;0.012;Piso;4;0;115;34;1;163026.3538
Erandio;7.74;no;201;38;0.05;0.012;Piso;4;1;147;8;0;180927.691
Erandio;7.2;no;201;38;0.05;0.012;Piso;2;0;112;18;0;149348.784
Erandio;7.96;no;201;38;0.05;0.012;Piso;2;1;51;27;1;97709.91968
Erandio;7.05;no;201;38;0.05;0.012;Piso;2;1;110;28;0;151124.7436
Erandio;7.33;no;201;38;0.05;0.012;Piso;4;1;131;55;0;156596.2816
Erandio;7.28;no;201;38;0.05;0.012;Piso;2;0;79;17;0;123356.0422
Erandio;7.03;no;201;38;0.05;0.012;Piso;3;0;112;43;1;153542.0913
Erandio;7.5;no;201;38;0.05;0.012;Piso;2;0;133;20;1;157627.485
Erandio;7.73;no;201;38;0.05;0.012;Piso;3;1;109;37;0;156825.2556
Erandio;7.33;no;201;38;0.05;0.012;Piso;4;0;106;35;1;148693.3239
Erandio;7.67;no;201;38;0.05;0.012;Piso;1;0;99;59;1;132543.1817
Erandio;7.51;no;201;38;0.05;0.012;Piso;3;1;133;27;0;175357.8601
Erandio;7.71;no;201;38;0.05;0.012;Piso;4;1;115;46;0;150020.9514
Erandio;7.79;no;201;38;0.05;0.012;Piso;2;0;75;13;0;114946.6839
Erandio;7.63;no;201;38;0.05;0.012;Piso;4;0;127;26;1;177458.6844
Erandio;7.35;no;201;38;0.05;0.012;Piso;4;1;113;27;0;145183.8313
Erandio;7.01;no;201;38;0.05;0.012;Piso;3;0;112;17;1;144163.7267
Erandio;7.62;no;201;38;0.05;0.012;Piso;3;1;104;49;0;140291.4309
Erandio;7.8;no;201;38;0.05;0.012;Casa;3;1;228;15;0;271311.816
Erandio;7.75;no;201;38;0.05;0.012;Casa;2;0;187;22;1;210313.3572
Erandio;7.44;no;201;38;0.05;0.012;Casa;3;0;127;48;0;169497.2044
Erandio;7.93;no;201;38;0.05;0.012;Casa;2;1;158;11;0;197442.6369
Erandio;7.97;no;201;38;0.05;0.012;Casa;2;1;158;59;1;202028.923
Erandio;7.38;no;201;38;0.05;0.012;Casa;4;0;222;25;0;229914.349
Erandio;7.48;no;201;38;0.05;0.012;Casa;3;0;168;36;1;186369.0572
Erandio;7.84;no;201;38;0.05;0.012;Casa;3;0;175;48;1;209103.2483
Erandio;7.51;no;201;38;0.05;0.012;Casa;3;0;142;53;0;168355.9482
Erandio;7.46;no;201;38;0.05;0.012;Casa;3;0;191;26;1;236895.3833
Erandio;7.47;no;201;38;0.05;0.012;Casa;2;1;196;24;0;213082.2538
Erandio;7.05;no;201;38;0.05;0.012;Casa;2;0;159;44;1;190584.1496
Erandio;7.88;no;201;38;0.05;0.012;Casa;4;0;207;34;1;242626.3062
Erandio;7.47;no;201;38;0.05;0.012;Casa;3;0;190;21;0;208117.9503
Erandio;7.22;no;201;38;0.05;0.012;Casa;4;1;230;50;1;247946.2096
Erandio;7.47;no;201;38;0.05;0.012;Casa;4;1;206;19;1;232505.8049
Erandio;7.43;no;201;38;0.05;0.012;Casa;4;1;163;31;1;211619.1551
Erandio;7.83;no;201;38;0.05;0.012;Casa;3;0;224;44;1;231724.7789
Erandio;7.75;no;201;38;0.05;0.012;Casa;4;1;129;20;0;172215.6823
Erandio;7.91;no;201;38;0.05;0.012;Casa;3;0;190;24;1;231422.1594
Erandio;7.88;no;201;38;0.05;0.012;Casa;2;1;147;26;1;188182.4148
Erandio;7.21;no;201;38;0.05;0.012;Casa;3;1;155;55;1;195821.3794
Etxebarri;8.34;si;73;17;0.15;0.022;Piso;2;1;111;39;1;143494.7784
Etxebarri;8.2;si;73;17;0.15;0.022;Piso;2;1;52;16;0;75401.72918
Etxebarri;7.37;si;73;17;0.15;0.022;Piso;2;1;79;59;0;102101.3068
Etxebarri;7.38;si;73;17;0.15;0.022;Piso;2;0;66;16;1;87523.41433
Etxebarri;8.63;si;73;17;0.15;0.022;Piso;3;1;131;41;0;164348.724
Etxebarri;8.79;si;73;17;0.15;0.022;Piso;3;0;119;16;0;151178.3501
Etxebarri;7.44;si;73;17;0.15;0.022;Piso;3;1;110;40;0;139216.0561
Etxebarri;8.66;si;73;17;0.15;0.022;Piso;2;1;61;36;0;84284.34468
Etxebarri;7.1;si;73;17;0.15;0.022;Piso;2;1;60;35;0;81450.07536
Etxebarri;7.08;si;73;17;0.15;0.022;Piso;2;0;86;10;1;102052.3911
Etxebarri;8.36;si;73;17;0.15;0.022;Piso;1;1;71;35;0;95772.98087
Etxebarri;7.62;si;73;17;0.15;0.022;Piso;2;1;128;40;0;140575.104
Etxebarri;7.22;si;73;17;0.15;0.022;Piso;1;0;62;58;1;77466.96848
Etxebarri;7.59;si;73;17;0.15;0.022;Piso;4;0;104;44;0;135839.5986
Etxebarri;7.67;si;73;17;0.15;0.022;Piso;1;1;98;7;0;117830.5138
Etxebarri;7.1;si;73;17;0.15;0.022;Piso;1;0;82;50;0;108710.8425
Galdakao;13.64;no;259;48;0.1;0.04;Piso;2;1;64;39;1;126220.8672
Galdakao;13.9;no;259;48;0.1;0.04;Piso;2;1;58;58;0;115352.8755
Galdakao;13.45;no;259;48;0.1;0.04;Piso;3;1;102;54;1;163442.2286
Galdakao;11.72;no;259;48;0.1;0.04;Piso;2;0;71;16;1;129287.41
Galdakao;12.24;no;259;48;0.1;0.04;Piso;2;0;107;52;0;166369.3631
Galdakao;11.32;no;259;48;0.1;0.04;Piso;1;1;85;29;0;152444.3983
Galdakao;11.06;no;259;48;0.1;0.04;Piso;2;0;84;28;1;155138.8978
Galdakao;12.33;no;259;48;0.1;0.04;Piso;2;0;121;59;1;186828.3964
Galdakao;11.25;no;259;48;0.1;0.04;Piso;4;0;122;9;1;174247.68
Galdakao;12.29;no;259;48;0.1;0.04;Piso;2;1;136;53;0;185202.2817
Galdakao;12.34;no;259;48;0.1;0.04;Piso;4;1;126;23;0;181138.8696
Galdakao;12.8;no;259;48;0.1;0.04;Piso;1;0;64;51;1;120220.1846
Galdakao;13.89;no;259;48;0.1;0.04;Piso;4;0;136;55;1;190160.642
Galdakao;11.32;no;259;48;0.1;0.04;Piso;2;0;125;25;0;175281.4813
Galdakao;13.38;no;259;48;0.1;0.04;Piso;2;0;75;41;0;132068.4284
Galdakao;13.55;no;259;48;0.1;0.04;Piso;1;0;61;21;1;130220.2179
Galdakao;12.23;no;259;48;0.1;0.04;Piso;3;0;129;56;0;171688.9749
Galdakao;12.92;no;259;48;0.1;0.04;Piso;4;0;139;4;0;196224.1649
Galdakao;11.33;no;259;48;0.1;0.04;Piso;1;1;76;54;0;130162.1373
Galdakao;13.79;no;259;48;0.1;0.04;Piso;2;1;66;36;0;127324.6048
Galdakao;12.01;no;259;48;0.1;0.04;Piso;3;1;114;40;0;159687.7206
Galdakao;13.5;no;259;48;0.1;0.04;Casa;4;1;244;12;0;349273.1
Galdakao;13.72;no;259;48;0.1;0.04;Casa;3;0;234;16;0;359867.6313
Galdakao;12.24;no;259;48;0.1;0.04;Casa;3;0;238;32;0;392923.917
Galdakao;12.9;no;259;48;0.1;0.04;Casa;4;1;151;31;1;270402.8809
Galdakao;13.36;no;259;48;0.1;0.04;Casa;4;0;244;23;1;349511.027
Galdakao;11.25;no;259;48;0.1;0.04;Casa;2;1;185;46;1;332776.7435
Galdakao;13.61;no;259;48;0.1;0.04;Casa;2;1;231;32;1;334920.7509
Galdakao;11.78;no;259;48;0.1;0.04;Casa;2;1;180;43;1;321812.961
Galdakao;12.24;no;259;48;0.1;0.04;Casa;4;1;235;42;0;390432.9862
Galdakao;12.47;no;259;48;0.1;0.04;Casa;2;1;227;57;0;379248.6819
Galdakao;11.9;no;259;48;0.1;0.04;Casa;3;1;196;54;1;297653.2891
Galdakao;13.55;no;259;48;0.1;0.04;Casa;2;0;199;40;0;338873.213
Galdakao;11.16;no;259;48;0.1;0.04;Casa;2;1;248;52;1;388602.9075
Galdakao;11.67;no;259;48;0.1;0.04;Casa;2;0;209;54;0;345947.5055
Galdakao;11.41;no;259;48;0.1;0.04;Casa;2;1;233;23;0;392331.8943
Galdakao;13.07;no;259;48;0.1;0.04;Casa;3;0;225;51;0;360384.3544
Galdakao;13.07;no;259;48;0.1;0.04;Casa;2;1;158;20;0;297834.551
Galdakao;12.39;no;259;48;0.1;0.04;Casa;4;1;157;8;0;259604.4525
Algorta;14.11;si;318;68;0.1;0.020501433;Piso;4;1;101;57;0;484220.5262
Algorta;15.41;si;318;68;0.1;0.020501433;Piso;1;1;83;57;1;434852.4372
Algorta;15.16;si;318;68;0.1;0.020501433;Piso;4;0;130;43;0;543139.7796
Algorta;14.36;si;318;68;0.1;0.020501433;Piso;1;0;97;6;1;428895.8524
Algorta;14.06;si;318;68;0.1;0.020501433;Piso;2;0;64;40;1;360734.5488
Algorta;15.72;si;318;68;0.1;0.020501433;Piso;4;0;150;51;0;552368.8907
Algorta;15.82;si;318;68;0.1;0.020501433;Piso;2;0;139;13;0;520594.2408
Algorta;15.93;si;318;68;0.1;0.020501433;Piso;1;0;99;17;1;441776.4192
Algorta;14.39;si;318;68;0.1;0.020501433;Piso;2;0;79;57;0;419579.6975
Algorta;15.39;si;318;68;0.1;0.020501433;Piso;4;1;115;5;0;499576.1864
Algorta;14.28;si;318;68;0.1;0.020501433;Piso;4;0;114;28;0;472407.2955
Algorta;15.86;si;318;68;0.1;0.020501433;Piso;1;1;67;36;0;383839.8471
Algorta;14.23;si;318;68;0.1;0.020501433;Piso;4;0;132;8;1;534583.8249
Algorta;15.73;si;318;68;0.1;0.020501433;Piso;4;1;119;50;0;479800.5166
Algorta;14.75;si;318;68;0.1;0.020501433;Piso;2;1;146;52;0;579961.6961
Algorta;15.13;si;318;68;0.1;0.020501433;Piso;1;0;93;15;1;440925.3484
Algorta;14.36;si;318;68;0.1;0.020501433;Piso;3;1;132;29;1;508977.749
Algorta;14.15;si;318;68;0.1;0.020501433;Piso;2;0;148;25;1;541987.4208
Algorta;15.27;si;318;68;0.1;0.020501433;Piso;1;0;68;22;1;390436.1198
Algorta;14.67;si;318;68;0.1;0.020501433;Piso;1;0;87;57;1;406648.9904
Algorta;14.26;si;318;68;0.1;0.020501433;Piso;1;1;70;51;1;374057.0087
Algorta;14.97;si;318;68;0.1;0.020501433;Piso;1;1;67;2;0;362894.2917
Algorta;15.44;si;318;68;0.1;0.020501433;Piso;3;1;116;46;0;486267.1642
Algorta;14.33;si;318;68;0.1;0.020501433;Piso;4;0;150;60;0;601588.2759
Algorta;15.34;si;318;68;0.1;0.020501433;Piso;3;1;150;40;1;581473.2349
Algorta;15.22;si;318;68;0.1;0.020501433;Piso;2;1;119;35;0;511048.9393
Algorta;14.51;si;318;68;0.1;0.020501433;Piso;1;1;65;54;1;362944.5221
Getxo;11.25;si;420;100;0.03;0.027077364;Piso;3;1;144;14;0;668172.4842
Getxo;11.2;si;420;100;0.03;0.027077364;Piso;1;0;76;21;1;520000.1286
Getxo;12.8;si;420;100;0.03;0.027077364;Piso;3;0;146;16;1;698089.1219
Getxo;11.87;si;420;100;0.03;0.027077364;Piso;3;1;108;9;0;581121.6991
Getxo;11.6;si;420;100;0.03;0.027077364;Piso;2;1;96;46;1;557548.636
Getxo;11.04;si;420;100;0.03;0.027077364;Piso;1;1;92;24;1;531825.8623
Getxo;11.21;si;420;100;0.03;0.027077364;Piso;3;0;113;59;0;575702.6016
Getxo;12.67;si;420;100;0.03;0.027077364;Piso;2;0;127;58;1;614935.4144
Getxo;11.42;si;420;100;0.03;0.027077364;Piso;4;1;122;31;1;612268.4475
Getxo;12.48;si;420;100;0.03;0.027077364;Piso;1;1;93;3;0;562540.8154
Getxo;11.97;si;420;100;0.03;0.027077364;Piso;2;0;128;44;0;609842.4696
Getxo;11.25;si;420;100;0.03;0.027077364;Piso;2;0;91;4;0;513370.3827
Getxo;12.19;si;420;100;0.03;0.027077364;Piso;1;0;76;59;0;518056.892
Getxo;11.55;si;420;100;0.03;0.027077364;Piso;4;1;128;57;1;632378.2867
Getxo;11.77;si;420;100;0.03;0.027077364;Piso;1;0;88;24;0;528966.0905
Getxo;11.51;si;420;100;0.03;0.027077364;Piso;3;0;101;9;0;573209.1713
Getxo;11.76;si;420;100;0.03;0.027077364;Piso;2;0;87;56;1;510272.3592
Getxo;11.2;si;420;100;0.03;0.027077364;Piso;3;1;142;25;0;645186.3447
Getxo;12.33;si;420;100;0.03;0.027077364;Piso;2;1;95;6;1;550365.6309
Getxo;11.47;si;420;100;0.03;0.027077364;Piso;1;0;99;8;1;567691.0246
Getxo;11.58;si;420;100;0.03;0.027077364;Piso;1;0;83;35;0;493350.2948
Getxo;11.47;si;420;100;0.03;0.027077364;Piso;1;0;71;32;0;487808.5287
Getxo;12.1;si;420;100;0.03;0.027077364;Piso;2;1;124;39;0;601608.0857
Neguri;18.42;si;60;30;0.01;0.003868195;Piso;1;0;80;9;0;226828.4472
Neguri;18.17;si;60;30;0.01;0.003868195;Piso;2;0;64;39;1;231143.0205
Neguri;18.36;si;60;30;0.01;0.003868195;Piso;2;0;123;20;0;377240.4224
Neguri;18.53;si;60;30;0.01;0.003868195;Piso;2;1;129;34;1;460147.1138
Neguri;18.49;si;60;30;0.01;0.003868195;Piso;2;0;76;10;1;229590.4009
Neguri;18.91;si;60;30;0.01;0.003868195;Piso;2;0;100;24;1;336359.6009
Neguri;17.88;si;60;30;0.01;0.003868195;Piso;1;0;98;33;0;372814.4219
Neguri;18.73;si;60;30;0.01;0.003868195;Piso;1;0;96;21;1;271480.3868
Neguri;17.15;si;60;30;0.01;0.003868195;Piso;2;1;74;9;1;297948.5019
Neguri;18.1;si;60;30;0.01;0.003868195;Piso;2;0;66;14;0;266035.7235
Neguri;17.25;si;60;30;0.01;0.003868195;Piso;3;0;144;32;0;406668.5717
Neguri;18.06;si;60;30;0.01;0.003868195;Piso;4;0;115;27;1;348782.2068
Neguri;17.61;si;60;30;0.01;0.003868195;Casa;2;0;164;19;1;617282.1608
Neguri;18.96;si;60;30;0.01;0.003868195;Casa;2;1;212;30;0;778948.8952
Neguri;17.24;si;60;30;0.01;0.003868195;Casa;3;0;158;19;1;559035.7595
Neguri;17.29;si;60;30;0.01;0.003868195;Casa;4;0;163;47;0;536356.8232
Neguri;18.17;si;60;30;0.01;0.003868195;Casa;3;1;140;41;0;539358.7952
Neguri;17.8;si;60;30;0.01;0.003868195;Casa;3;0;243;37;0;845986.6778
Neguri;17.25;si;60;30;0.01;0.003868195;Casa;4;0;178;19;0;534760.7774
Neguri;17.12;si;60;30;0.01;0.003868195;Casa;4;0;246;27;1;781884.6249
Leioa;10.14;si;260;59;0.07;0.016762178;Piso;4;1;142;56;1;356528.9832
Leioa;10.6;si;260;59;0.07;0.016762178;Piso;2;0;122;45;0;334675.4939
Leioa;10.45;si;260;59;0.07;0.016762178;Piso;2;1;74;22;1;240396.149
Leioa;10.76;si;260;59;0.07;0.016762178;Piso;3;0;109;41;0;301490.4942
Leioa;11.1;si;260;59;0.07;0.016762178;Piso;2;0;76;57;0;255317.7121
Leioa;11.97;si;260;59;0.07;0.016762178;Piso;3;1;118;31;1;322145.0671
Leioa;10.89;si;260;59;0.07;0.016762178;Piso;2;1;132;32;0;342623.6793
Leioa;11.16;si;260;59;0.07;0.016762178;Piso;2;1;137;56;0;345833.4138
Leioa;10.02;si;260;59;0.07;0.016762178;Piso;2;0;90;47;0;263084.8045
Leioa;10.14;si;260;59;0.07;0.016762178;Piso;1;1;64;60;1;227396.7971
Leioa;11.68;si;260;59;0.07;0.016762178;Piso;2;0;138;5;0;337205.7692
Leioa;10.38;si;260;59;0.07;0.016762178;Piso;2;0;77;32;0;256964.9907
Leioa;11.39;si;260;59;0.07;0.016762178;Piso;1;1;73;6;0;250614.8575
Leioa;11.92;si;260;59;0.07;0.016762178;Piso;4;1;141;54;0;343925.4944
Leioa;11.99;si;260;59;0.07;0.016762178;Piso;1;1;64;52;1;237002.0501
Leioa;10.62;si;260;59;0.07;0.016762178;Piso;2;1;99;53;1;282848.6353
Leioa;10.01;si;260;59;0.07;0.016762178;Piso;4;0;136;22;0;335492.7684
Leioa;10.04;si;260;59;0.07;0.016762178;Piso;2;0;77;25;0;243086.3535
Leioa;11.98;si;260;59;0.07;0.016762178;Piso;4;1;127;27;1;328163.7461
Leioa;10.05;si;260;59;0.07;0.016762178;Piso;2;1;82;4;1;263794.7453
Leioa;11.15;si;260;59;0.07;0.016762178;Piso;2;0;110;5;0;310892.3267
Leioa;10.72;si;260;59;0.07;0.016762178;Piso;1;0;92;3;0;277142.1234
Leioa;11.01;si;260;59;0.07;0.016762178;Piso;4;1;146;35;1;377994.4019
Leioa;10.99;si;260;59;0.07;0.016762178;Casa;4;0;231;59;1;538101.291
Leioa;11.6;si;260;59;0.07;0.016762178;Casa;4;0;136;56;1;370271.6837
Leioa;11.84;si;260;59;0.07;0.016762178;Casa;3;0;235;31;1;523196.3377
Leioa;10.56;si;260;59;0.07;0.016762178;Casa;4;1;181;38;1;447363.0259
Leioa;10.51;si;260;59;0.07;0.016762178;Casa;3;1;169;54;0;424907.8103
Leioa;11.05;si;260;59;0.07;0.016762178;Casa;2;0;147;42;0;390962.9083
Leioa;11.52;si;260;59;0.07;0.016762178;Casa;4;1;195;24;1;471095.1872
Leioa;11.8;si;260;59;0.07;0.016762178;Casa;2;0;182;2;0;463213.6389
Leioa;11;si;260;59;0.07;0.016762178;Casa;2;1;140;34;1;366445.4759
Leioa;11.26;si;260;59;0.07;0.016762178;Casa;2;0;204;32;1;496353.7186
Loiu;12.07;no;21;13;0.13;0.001353868;Casa;2;1;179;56;1;181116.6923
Loiu;13.32;no;21;13;0.13;0.001353868;Casa;3;0;168;24;1;167418.2912
Loiu;12.22;no;21;13;0.13;0.001353868;Casa;3;0;199;45;0;199484.073
Loiu;13.62;no;21;13;0.13;0.001353868;Casa;2;0;153;56;1;158773.6972
Loiu;13.78;no;21;13;0.13;0.001353868;Casa;3;0;138;34;0;138627.1018
Loiu;13.79;no;21;13;0.13;0.001353868;Casa;3;1;205;38;1;202506.9161
Loiu;14.3;no;21;13;0.13;0.001353868;Casa;4;0;146;15;0;152247.431
Loiu;12.23;no;21;13;0.13;0.001353868;Casa;2;1;180;2;1;178973.6069
Loiu;12.32;no;21;13;0.13;0.001353868;Casa;4;1;156;48;1;163151.7495
Loiu;12.04;no;21;13;0.13;0.001353868;Casa;2;1;194;25;1;199130.1807
Loiu;14.84;no;21;13;0.13;0.001353868;Casa;3;0;120;46;0;124114.2816
Loiu;13;no;21;13;0.13;0.001353868;Casa;2;0;223;38;1;222620.3309
Loiu;14.16;no;21;13;0.13;0.001353868;Casa;2;0;135;22;0;137965.0217
Loiu;13.1;no;21;13;0.13;0.001353868;Casa;3;0;187;54;1;188747.6119
Loiu;14.73;no;21;13;0.13;0.001353868;Casa;4;0;206;27;0;206646.3472
Loiu;12.73;no;21;13;0.13;0.001353868;Casa;4;1;225;8;1;226030.3286
Loiu;14.61;no;21;13;0.13;0.001353868;Casa;4;0;226;35;1;230708.299
Loiu;14.31;no;21;13;0.13;0.001353868;Casa;4;0;199;55;0;199955.3316
Loiu;12.18;no;21;13;0.13;0.001353868;Casa;4;1;241;36;1;241225.6121
Loiu;12.12;no;21;13;0.13;0.001353868;Casa;2;0;158;32;1;157584.718
Loiu;13.68;no;21;13;0.13;0.001353868;Casa;3;0;133;5;1;137360.69
Loiu;12.33;no;21;13;0.13;0.001353868;Casa;4;1;212;22;0;212856.5216
Loiu;13.09;no;21;13;0.13;0.001353868;Casa;3;0;240;12;1;234839.8499
Loiu;14.3;no;21;13;0.13;0.001353868;Casa;4;1;210;54;0;214906.331
Loiu;14.86;no;21;13;0.13;0.001353868;Casa;3;1;149;12;1;153016.8306
Loiu;14.21;no;21;13;0.13;0.001353868;Casa;3;1;238;7;1;237966.154
Loiu;14.99;no;21;13;0.13;0.001353868;Casa;4;0;193;24;0;197912.4238
Loiu;12.78;no;21;13;0.13;0.001353868;Casa;2;0;248;32;1;251124.6333
Loiu;13.94;no;21;13;0.13;0.001353868;Casa;2;1;179;53;0;180399.2648
